Job No,Date,(No column name),Weekday
780712.00000,2016-10-05,3,1
783812.00000,2016-10-08,6,5
795600.00000,2016-10-26,3,1
796977.00000,2016-10-27,4,5
799553.00000,2016-10-29,6,5
801710.01000,2016-11-03,4,3
802601.00000,2016-11-02,3,2
803697.00000,2016-11-02,3,2
804069.01000,2016-11-05,6,5
804091.01000,2016-11-05,6,5
805630.01000,2016-11-08,2,1
805690.01000,2016-11-08,2,1
812980.00000,2016-11-13,7,1
814889.01000,2016-11-17,4,3
814918.01000,2016-11-17,4,3
815813.00000,2016-11-16,3,1
816629.01000,2016-11-18,5,4
816638.01000,2016-11-18,5,4
817909.01000,2016-11-19,6,5
818858.01000,2016-11-22,2,1
818858.02000,2016-11-22,2,1
823301.01000,2016-11-25,5,4
823955.01000,2016-11-26,6,5
823978.01000,2016-11-26,6,5
775152.00000,2016-09-24,6,5
770931.00000,2016-09-15,4,5
779364.00000,2016-10-02,7,1
770413.00000,2016-09-14,3,1
772931.00000,2016-09-21,3,1
771954.00000,2016-09-17,6,5
779203.00000,2016-10-01,6,5
773673.00000,2016-09-22,4,5
775291.00000,2016-09-25,7,1
776461.00000,2016-09-28,3,1
777395.00000,2016-09-29,4,5
784001.00000,2016-10-09,7,1
789145.00000,2016-10-15,6,5
789363.00000,2016-10-16,7,1
791075.00000,2016-10-19,3,1
781761.00000,2016-10-06,4,5
785330.00000,2016-10-12,3,2
785510.00000,2016-10-12,3,1
792411.00000,2016-10-20,4,5
786743.00000,2016-10-13,4,5
793658.00000,2016-10-22,6,5
799799.00000,2016-10-30,7,1
790879.00000,2016-10-19,3,2
802894.01000,2016-11-04,5,4
793878.00000,2016-10-23,7,1
803302.00000,2016-11-03,4,5
803303.00000,2016-11-03,4,5
800615.01000,2016-11-02,3,2
795402.00000,2016-10-26,3,2
803699.00000,2016-11-02,3,2
796976.00000,2016-10-27,4,5
808297.01000,2016-11-10,4,3
806146.00000,2016-11-05,6,5
806400.00000,2016-11-06,7,1
800606.01000,2016-11-02,3,2
808150.00000,2016-11-09,3,2
800654.01000,2016-11-02,3,2
812201.01000,2016-11-15,2,1
808299.01000,2016-11-10,4,3
808902.01000,2016-11-10,4,3
801944.00000,2016-11-02,3,1
812723.00000,2016-11-12,6,5
810033.01000,2016-11-11,5,4
804350.00000,2016-11-04,5,1
801569.00000,2016-11-02,3,2
802892.01000,2016-11-04,5,4
810935.00000,2016-11-11,5,1
803700.00000,2016-11-02,3,2
803725.01000,2016-11-03,4,3
805629.01000,2016-11-08,2,1
805659.02000,2016-11-08,2,1
803698.00000,2016-11-02,3,2
804068.02000,2016-11-05,6,5
804068.01000,2016-11-05,6,5
804099.01000,2016-11-05,6,5
804726.01000,2016-11-05,6,5
805660.01000,2016-11-08,2,1
808765.01000,2016-11-10,4,3
815133.00000,2016-11-16,3,1
806438.01000,2016-11-08,2,1
806580.00000,2016-11-07,1,2
807716.01000,2016-11-09,3,2
808541.00000,2016-11-09,3,1
816113.01000,2016-11-18,5,4
816614.01000,2016-11-18,5,4
808285.01000,2016-11-10,4,3
808296.01000,2016-11-10,4,3
808326.01000,2016-11-10,4,3
820417.01000,2016-11-23,3,2
821240.00000,2016-11-22,2,1
817243.01000,2016-11-19,6,5
817246.01000,2016-11-19,6,5
812230.01000,2016-11-15,2,1
809521.01000,2016-11-11,5,4
821567.01000,2016-11-24,4,3
817876.01000,2016-11-19,6,5
812983.01000,2016-11-15,2,1
810651.01000,2016-11-12,6,5
811310.01000,2016-11-12,6,5
822795.01000,2016-11-25,5,4
818827.02000,2016-11-22,2,1
818832.01000,2016-11-22,2,1
819313.00000,2016-11-19,6,5
812229.02000,2016-11-15,2,1
823274.01000,2016-11-25,5,4
814291.01000,2016-11-16,3,2
814744.00000,2016-11-16,3,2
812198.01000,2016-11-15,2,1
812198.02000,2016-11-15,2,1
815468.01000,2016-11-17,4,3
815498.01000,2016-11-17,4,3
814295.01000,2016-11-16,3,2
821537.01000,2016-11-24,4,3
821776.00000,2016-11-23,3,1
813814.01000,2016-11-16,3,2
817531.00000,2016-11-18,5,1
819616.00000,2016-11-20,7,1
819763.00000,2016-11-21,1,2
816633.01000,2016-11-18,5,4
818860.01000,2016-11-22,2,1
821538.01000,2016-11-24,4,3
821558.01000,2016-11-24,4,3
821375.00000,2016-11-23,3,2
822113.01000,2016-11-24,4,3
824223.00000,2016-11-25,5,1
825603.01000,2016-11-29,2,1
826328.01000,2016-11-29,2,1
826373.00000,2016-11-27,7,1
829751.00000,2016-12-01,4,1
835408.00000,2016-12-07,3,1
844793.00000,2016-12-16,5,1
855609.00000,2016-12-28,3,2
869489.00000,2017-01-11,3,7
881972.00000,2017-01-24,2,1
890587.01000,2017-02-02,4,3
893088.01000,2017-02-04,6,5
894705.01000,2017-02-07,2,1
897588.01000,2017-02-09,4,3
900413.01000,2017-02-11,6,5
900426.01000,2017-02-11,6,5
902984.00000,2017-02-13,1,2
904937.01000,2017-02-16,4,3
824608.01000,2016-11-26,6,5
831054.00000,2016-12-02,5,1
831883.00000,2016-12-02,5,4
832909.00000,2016-12-03,6,5
833370.00000,2016-12-05,1,2
840076.00000,2016-12-11,7,1
841894.00000,2016-12-14,3,2
846661.00000,2016-12-17,6,5
849163.00000,2016-12-21,3,1
853819.00000,2016-12-25,7,1
869344.00000,2017-01-04,3,4
869490.00000,2017-01-11,3,2
881597.00000,2017-01-24,2,3
883522.00000,2017-01-25,3,2
890579.01000,2017-02-02,4,3
898848.01000,2017-02-10,5,4
825576.01000,2016-11-29,2,1
825605.01000,2016-11-29,2,1
826063.00000,2016-11-26,6,5
837896.00000,2016-12-09,5,1
847124.00000,2016-12-19,1,2
853509.00000,2016-12-24,6,5
856004.00000,2016-12-28,3,1
866243.00000,2017-01-04,3,7
869600.00000,2017-01-11,3,4
871820.00000,2017-01-12,4,3
876476.00000,2017-01-18,3,2
893099.01000,2017-02-04,6,5
893680.01000,2017-02-04,6,5
894691.02000,2017-02-07,2,1
896158.01000,2017-02-06,1,2
896395.01000,2017-02-08,3,2
898486.01000,2017-02-08,3,4
900308.00000,2017-02-10,5,4
903726.01000,2017-02-15,3,2
826356.01000,2016-11-29,2,1
826376.01000,2016-11-29,2,1
835002.00000,2016-12-07,3,2
842295.00000,2016-12-14,3,1
848763.00000,2016-12-21,3,2
851654.00000,2016-12-23,5,1
867299.00000,2017-01-07,6,5
875956.00000,2017-01-18,3,2
889407.01000,2017-02-01,3,2
889873.01000,2017-02-01,3,2
890577.01000,2017-02-02,4,3
891102.01000,2017-02-02,4,3
892985.00000,2017-02-03,5,4
894712.01000,2017-02-07,2,1
897204.00000,2017-02-07,2,3
901037.01000,2017-02-11,6,5
903731.01000,2017-02-15,3,2
904929.01000,2017-02-16,4,3
828160.00000,2016-11-30,3,2
828558.00000,2016-11-30,3,1
833217.00000,2016-12-04,7,1
839761.00000,2016-12-10,6,5
846971.00000,2016-12-18,7,1
888665.00000,2017-01-30,1,2
889408.01000,2017-02-01,3,2
890582.01000,2017-02-02,4,3
894720.01000,2017-02-07,2,1
897372.00000,2017-02-08,3,2
897578.01000,2017-02-09,4,3
902047.01000,2017-02-14,2,1
870120.00000,2017-01-11,3,4
880276.00000,2017-01-20,5,6
883347.00000,2017-01-24,2,3
890369.00000,2017-02-01,3,2
890575.02000,2017-02-02,4,3
890586.01000,2017-02-02,4,3
891111.01000,2017-02-02,4,3
891863.02000,2017-02-03,5,4
893081.01000,2017-02-04,6,5
894696.01000,2017-02-07,2,1
894704.01000,2017-02-07,2,1
898844.01000,2017-02-10,5,4
901019.01000,2017-02-11,6,5
904927.01000,2017-02-16,4,3
909058.01000,2017-02-21,2,1
909088.01000,2017-02-21,2,1
910751.01000,2017-02-22,3,2
916140.01000,2017-02-28,2,1
921522.01000,2017-03-04,6,5
926816.01000,2017-03-11,6,5
935706.01000,2017-03-18,6,5
935742.01000,2017-03-18,6,5
936791.00000,2017-03-17,5,6
938130.01000,2017-03-21,2,1
939063.01000,2017-03-22,3,2
941358.01000,2017-03-24,5,4
942962.01000,2017-03-25,6,5
944441.00000,2017-03-24,5,4
944824.01000,2017-03-28,2,1
944835.01000,2017-03-28,2,1
947354.01000,2017-03-30,4,3
949743.02000,2017-04-02,7,5
951329.01000,2017-04-04,2,1
951432.01000,2017-04-04,2,1
954355.01000,2017-04-06,4,3
954417.01000,2017-04-06,4,3
955703.01000,2017-04-07,5,4
956968.01000,2017-04-08,6,5
958678.01000,2017-04-11,2,1
958692.01000,2017-04-11,2,1
960417.01000,2017-04-12,3,2
911983.01000,2017-02-23,4,3
917304.01000,2017-02-28,2,1
917304.00000,2017-02-28,2,1
919534.01000,2017-03-02,4,3
920310.01000,2017-03-03,5,4
921546.01000,2017-03-04,6,5
926761.01000,2017-03-10,5,4
926831.01000,2017-03-11,6,5
927843.01000,2017-03-09,4,5
930344.01000,2017-03-14,2,1
929745.00000,2017-03-10,5,4
933742.01000,2017-03-16,4,3
934490.01000,2017-03-17,5,4
934492.01000,2017-03-17,5,4
935730.01000,2017-03-18,6,5
937350.02000,2017-03-21,2,1
940160.01000,2017-03-23,4,3
938898.01000,2017-03-23,4,2
938960.01000,2017-03-23,4,2
940282.01000,2017-03-23,4,3
939561.01000,2017-03-22,3,2
940070.01000,2017-03-23,4,3
905837.00000,2017-02-15,3,2
907425.01000,2017-02-19,7,5
942976.01000,2017-03-25,6,5
944822.01000,2017-03-28,2,1
948502.01000,2017-03-31,5,4
946009.01000,2017-03-29,3,2
949706.01000,2017-04-02,7,5
948643.01000,2017-03-31,5,4
951554.01000,2017-04-04,2,1
916127.01000,2017-02-28,2,1
949675.01000,2017-04-02,7,5
949918.01000,2017-04-01,6,5
953092.01000,2017-04-05,3,2
953177.01000,2017-04-05,3,2
954410.01000,2017-04-06,4,3
917808.01000,2017-03-01,3,2
917812.01000,2017-03-01,3,2
951400.02000,2017-04-04,2,1
951400.03000,2017-04-04,2,1
951415.01000,2017-04-04,2,1
951584.01000,2017-04-04,2,1
956992.01000,2017-04-08,6,5
957071.01000,2017-04-07,5,4
958830.02000,2017-04-11,2,1
955643.01000,2017-04-07,5,4
921520.02000,2017-03-04,6,5
921558.01000,2017-03-04,6,5
956984.01000,2017-04-08,6,5
958843.01000,2017-04-11,2,1
958850.01000,2017-04-11,2,1
958862.01000,2017-04-11,2,1
957749.01000,2017-04-08,6,5
957755.01000,2017-04-08,6,5
960240.00000,2017-04-04,2,1
960498.01000,2017-04-12,3,2
958609.01000,2017-04-11,2,1
958697.01000,2017-04-11,2,1
958709.01000,2017-04-11,2,1
923166.01000,2017-03-07,2,1
924522.00000,2017-03-04,6,1
924866.01000,2017-03-08,3,2
934944.01000,2017-03-17,5,4
937354.01000,2017-03-21,2,1
938866.01000,2017-03-23,4,2
947345.01000,2017-03-30,4,3
947868.01000,2017-03-30,4,3
949759.01000,2017-04-02,7,5
949892.01000,2017-04-01,6,5
951363.01000,2017-04-04,2,1
951550.02000,2017-04-04,2,1
953185.01000,2017-04-05,3,2
955058.01000,2017-04-06,4,3
955677.02000,2017-04-07,5,4
956901.01000,2017-04-08,6,5
957749.02000,2017-04-08,6,5
958642.01000,2017-04-11,2,1
907451.01000,2017-02-19,7,5
909068.01000,2017-02-21,2,1
909075.01000,2017-02-21,2,1
917460.00000,2017-02-25,6,5
923196.01000,2017-03-07,2,1
927773.02000,2017-03-07,2,3
929751.00000,2017-03-09,4,5
929772.00000,2017-03-13,1,3
930312.02000,2017-03-14,2,1
932007.01000,2017-03-15,3,2
933213.01000,2017-03-16,4,3
933736.01000,2017-03-16,4,3
936852.00000,2017-03-20,1,3
938950.01000,2017-03-23,4,2
940105.01000,2017-03-23,4,3
940278.01000,2017-03-23,4,3
940292.01000,2017-03-23,4,3
941356.01000,2017-03-24,5,4
941406.01000,2017-03-24,5,4
942952.01000,2017-03-25,6,5
946415.00000,2017-03-28,2,1
947329.01000,2017-03-30,4,3
947355.01000,2017-03-30,4,3
948452.01000,2017-03-31,5,4
949714.01000,2017-04-02,7,5
949743.01000,2017-04-02,7,5
949778.01000,2017-04-02,7,5
951400.01000,2017-04-04,2,1
951564.01000,2017-04-04,2,1
953124.01000,2017-04-05,3,2
956931.01000,2017-04-08,6,5
907415.01000,2017-02-19,7,5
908036.01000,2017-02-18,6,5
911580.00000,2017-02-21,2,3
916111.01000,2017-02-28,2,1
921532.01000,2017-03-04,6,5
961677.01000,2017-04-13,4,3
961765.01000,2017-04-13,4,3
961711.01000,2017-04-13,4,3
961772.01000,2017-04-13,4,3
961873.01000,2017-04-13,4,3
961889.01000,2017-04-13,4,3
923162.02000,2017-03-07,2,1
963098.01000,2017-04-14,5,4
966317.01000,2017-04-19,3,2
966368.01000,2017-04-19,3,2
969274.01000,2017-04-20,4,3
970419.01000,2017-04-21,5,4
960618.01000,2017-04-12,3,2
926821.01000,2017-03-11,6,5
961534.00000,2017-04-12,3,2
966286.01000,2017-04-19,3,2
971858.01000,2017-04-22,6,5
962448.01000,2017-04-13,4,3
963039.01000,2017-04-14,5,4
963088.01000,2017-04-14,5,4
970469.01000,2017-04-21,5,4
973554.01000,2017-04-25,2,1
973709.01000,2017-04-25,2,1
971718.01000,2017-04-22,6,5
973523.01000,2017-04-25,2,1
967258.03000,2017-04-16,7,6
967261.02000,2017-04-16,7,6
966641.01000,2017-04-19,3,2
978034.01000,2017-04-28,5,4
933223.01000,2017-03-16,4,3
979168.01000,2017-04-29,6,5
979218.01000,2017-04-29,6,5
976515.01000,2017-04-27,4,3
976568.01000,2017-04-27,4,3
969086.01000,2017-04-20,4,3
969248.01000,2017-04-20,4,3
981066.02000,2017-05-02,2,1
971718.02000,2017-04-22,6,5
971769.01000,2017-04-22,6,5
971895.01000,2017-04-22,6,5
982638.01000,2017-05-03,3,2
969266.01000,2017-04-20,4,3
973454.01000,2017-04-25,2,1
983793.01000,2017-05-02,2,1
937384.01000,2017-03-21,2,1
980370.02000,2017-04-29,6,5
974442.01000,2017-04-25,2,1
981086.01000,2017-05-02,2,1
981098.01000,2017-05-02,2,1
971688.01000,2017-04-22,6,5
938889.01000,2017-03-23,4,2
981828.01000,2017-05-02,2,1
982837.01000,2017-05-03,3,2
973697.01000,2017-04-25,2,1
940266.01000,2017-03-23,4,3
983771.00000,2017-04-29,6,1
984134.01000,2017-05-04,4,3
941538.01000,2017-03-24,5,4
979346.01000,2017-04-29,6,5
942988.01000,2017-03-25,6,5
981823.01000,2017-05-02,2,1
976695.01000,2017-04-27,4,3
944802.02000,2017-03-28,2,1
982668.01000,2017-05-03,3,2
977837.01000,2017-04-28,5,4
945957.01000,2017-03-29,3,2
946009.02000,2017-03-29,3,2
988252.01000,2017-05-09,2,1
984149.01000,2017-05-04,4,3
979370.01000,2017-04-29,6,5
990057.01000,2017-05-10,3,2
980874.01000,2017-05-02,2,1
949882.01000,2017-04-01,6,5
982719.01000,2017-05-03,3,2
993936.01000,2017-05-13,6,5
953796.01000,2017-04-05,3,2
954320.01000,2017-04-06,4,3
1001362.01000,2017-05-20,6,5
955677.01000,2017-04-07,5,4
957738.01000,2017-04-08,6,5
1010504.01000,2017-05-30,2,1
1026841.00000,2017-06-10,6,2
962430.01000,2017-04-13,4,3
967268.01000,2017-04-16,7,6
967930.01000,2017-04-19,3,2
969264.01000,2017-04-20,4,3
970604.01000,2017-04-21,5,4
973027.00000,2017-04-21,5,2
973055.00000,2017-04-21,5,4
976481.01000,2017-04-27,4,3
976587.01000,2017-04-27,4,3
979137.01000,2017-04-29,6,5
984007.01000,2017-05-04,4,3
985483.01000,2017-05-05,5,4
986566.01000,2017-05-06,6,5
986897.00000,2017-05-05,5,4
988283.01000,2017-05-09,2,1
990135.01000,2017-05-10,3,2
997253.00000,2017-05-12,5,1
997433.01000,2017-05-17,3,2
997511.01000,2017-05-17,3,2
1004645.00000,2017-05-20,6,1
1007426.01000,2017-05-26,5,4
1007474.01000,2017-05-26,5,4
1012221.01000,2017-05-31,3,2
983970.01000,2017-05-04,4,3
995635.01000,2017-05-16,2,1
995684.01000,2017-05-16,2,1
995701.01000,2017-05-16,2,1
986538.01000,2017-05-06,6,5
998741.01000,2017-05-18,4,3
993908.02000,2017-05-13,6,5
989233.01000,2017-05-09,2,1
1000046.01000,2017-05-19,5,4
1001313.01000,2017-05-20,6,5
1001362.02000,2017-05-20,6,5
992681.01000,2017-05-12,5,4
992743.01000,2017-05-12,5,4
992846.01000,2017-05-12,5,4
1003000.01000,2017-05-23,2,1
1003031.01000,2017-05-23,2,1
1003779.00000,2017-05-22,1,6
993908.01000,2017-05-13,6,5
1000079.01000,2017-05-19,5,4
995684.02000,2017-05-16,2,1
1001285.01000,2017-05-20,6,5
1003080.01000,2017-05-23,2,1
1010477.01000,2017-05-30,2,1
1012299.01000,2017-05-31,3,2
1008109.01000,2017-05-26,5,4
998709.01000,2017-05-18,4,3
998793.01000,2017-05-18,4,3
1000094.01000,2017-05-19,5,4
1010407.01000,2017-05-30,2,1
1003066.01000,2017-05-23,2,1
1004034.01000,2017-05-23,2,1
1004648.00000,2017-05-20,6,1
1006153.01000,2017-05-25,4,3
1045457.00000,2017-06-29,4,5
1008725.01000,2017-05-27,6,5
1010438.01000,2017-05-30,2,1
1012250.01000,2017-05-31,3,2
1012287.01000,2017-05-31,3,2
961772.02000,2017-04-13,4,3
963088.02000,2017-04-14,5,4
1046239.04000,2017-07-01,6,5
1051255.01000,2017-07-06,4,3
970596.02000,2017-04-21,5,4
971905.01000,2017-04-22,6,5
971931.01000,2017-04-22,6,5
973487.01000,2017-04-25,2,1
973677.02000,2017-04-25,2,1
973710.01000,2017-04-25,2,1
1057454.00000,2017-07-12,3,2
976705.01000,2017-04-27,4,3
1061037.00000,2017-07-13,4,5
979167.01000,2017-04-29,6,5
982355.02000,2017-05-02,2,1
1067424.01000,2017-07-19,3,4
1068577.00000,2017-07-20,4,5
985291.01000,2017-05-05,5,4
987791.02000,2017-05-06,6,5
988332.01000,2017-05-09,2,1
1072519.01000,2017-07-26,3,2
1073814.01000,2017-07-27,4,3
990085.01000,2017-05-10,3,2
990120.01000,2017-05-10,3,2
992648.01000,2017-05-12,5,4
993985.01000,2017-05-13,6,5
1078248.01000,2017-08-01,2,1
995604.01000,2017-05-16,2,1
997462.01000,2017-05-17,3,2
1082859.01000,2017-08-04,5,4
1085974.01000,2017-08-08,2,1
1006069.01000,2017-05-25,4,3
1006101.01000,2017-05-25,4,3
1046239.02000,2017-07-01,6,5
1090680.01000,2017-08-11,5,4
1007486.01000,2017-05-26,5,4
1008697.01000,2017-05-27,6,5
1091793.01000,2017-08-12,6,5
1030719.00000,2017-06-13,2,4
1047909.01000,2017-07-04,2,1
1093616.01000,2017-08-15,2,1
1093739.02000,2017-08-15,2,1
1024827.00000,2017-06-09,5,3
1038051.00000,2017-06-22,4,5
1046239.03000,2017-07-01,6,5
1051124.01000,2017-07-06,4,3
1052469.01000,2017-07-07,5,4
1052526.01000,2017-07-07,5,4
1053466.00000,2017-07-06,4,5
1055133.01000,2017-07-09,7,1
1053953.01000,2017-07-08,6,5
1057412.01000,2017-07-12,3,2
1057390.01000,2017-07-12,3,2
1061547.01000,2017-07-15,6,5
1061290.01000,2017-07-15,6,5
1064747.01000,2017-07-17,1,2
1065007.02000,2017-07-19,3,2
1066999.01000,2017-07-20,4,3
1066407.01000,2017-07-20,4,3
1070730.01000,2017-07-25,2,1
1070684.01000,2017-07-25,2,1
1046239.01000,2017-07-01,6,5
1078339.01000,2017-08-01,2,1
1080099.01000,2017-08-02,3,2
1081393.01000,2017-08-03,4,3
1082876.01000,2017-08-04,5,4
1082832.01000,2017-08-04,5,4
1083839.00000,2017-08-03,4,5
1057351.01000,2017-07-12,3,2
1057378.01000,2017-07-12,3,2
1085519.00000,2017-07-28,5,6
1085421.01000,2017-08-01,2,5
1058866.01000,2017-07-13,4,3
1087256.02000,2017-08-12,6,7
1060173.01000,2017-07-14,5,4
1087727.01000,2017-08-09,3,2
1087824.01000,2017-08-09,3,2
1089142.01000,2017-08-10,4,3
1089309.01000,2017-08-10,4,3
1090502.01000,2017-08-11,5,4
1090546.01000,2017-08-11,5,4
1089082.01000,2017-08-10,4,3
1063062.01000,2017-07-18,2,1
1091985.01000,2017-08-12,6,5
1095363.01000,2017-08-16,3,2
1068612.00000,2017-07-20,4,5
1096657.01000,2017-08-17,4,3
1097249.03000,2017-08-15,2,3
1070655.01000,2017-07-25,2,1
1070727.01000,2017-07-25,2,1
1099329.01000,2017-08-19,6,5
1072546.01000,2017-07-26,3,2
1099152.00000,2017-08-17,4,3
1100725.01000,2017-08-20,7,1
1101172.01000,2017-08-22,2,1
1101828.01000,2017-08-20,7,1
1078277.01000,2017-08-01,2,1
1084110.01000,2017-08-05,6,5
1091766.01000,2017-08-12,6,5
1091995.01000,2017-08-12,6,5
1093767.01000,2017-08-15,2,1
1094928.01000,2017-08-18,5,7
1099417.01000,2017-08-19,6,5
1101082.01000,2017-08-22,2,1
1101111.01000,2017-08-22,2,1
1101836.01000,2017-08-20,7,1
1104793.01000,2017-08-22,2,3
1105660.01000,2017-08-25,5,4
1108717.01000,2017-08-29,2,1
1116334.01000,2017-09-05,2,1
1118641.01000,2017-09-04,1,2
1120787.01000,2017-09-08,5,4
1126944.01000,2017-09-14,4,3
1133430.01000,2017-09-20,3,2
1137215.01000,2017-09-23,6,5
1145603.01000,2017-09-30,6,5
1049744.01000,2017-07-05,3,2
1055491.01000,2017-07-11,2,1
1064906.01000,2017-07-19,3,2
1066181.01000,2017-07-20,4,3
1066949.01000,2017-07-20,4,3
1076474.01000,2017-07-29,6,5
1078309.01000,2017-08-01,2,1
1084198.01000,2017-08-05,6,5
1084198.02000,2017-08-05,6,5
1089113.01000,2017-08-10,4,3
1091739.01000,2017-08-12,6,5
1093554.01000,2017-08-15,2,1
1098092.01000,2017-08-18,5,4
1101143.01000,2017-08-22,2,1
1101830.01000,2017-08-20,7,1
1104319.01000,2017-08-24,4,3
1106722.00000,2017-08-23,3,4
1106903.01000,2017-08-26,6,5
1110354.01000,2017-08-26,6,5
1114272.00000,2017-08-30,3,4
1114471.01000,2017-09-02,6,5
1118078.01000,2017-09-06,3,2
1118106.01000,2017-09-06,3,2
1104256.01000,2017-08-24,4,3
1106721.00000,2017-08-23,3,4
1106930.01000,2017-08-26,6,5
1106973.01000,2017-08-26,6,5
1108313.04000,2017-09-01,5,3
1103061.00000,2017-08-22,2,4
1104225.01000,2017-08-24,4,3
1105634.01000,2017-08-25,5,4
1105677.01000,2017-08-25,5,4
1110555.01000,2017-08-30,3,2
1143516.01000,2017-09-29,5,4
1121839.00000,2017-09-06,3,4
1106956.01000,2017-08-26,6,5
1122048.01000,2017-09-09,6,5
1122074.01000,2017-09-09,6,5
1122079.01000,2017-09-09,6,5
1122091.01000,2017-09-09,6,5
1108777.01000,2017-08-29,2,1
1122664.01000,2017-09-07,4,5
1154262.01000,2017-10-10,2,1
1154444.00000,2017-10-09,1,3
1156007.01000,2017-10-11,3,2
1156044.01000,2017-10-11,3,2
1133233.01000,2017-09-20,3,2
1141916.00000,2017-09-26,2,1
1144786.01000,2017-09-30,6,5
1122664.02000,2017-09-07,4,5
1125622.01000,2017-09-13,3,2
1153806.01000,2017-10-08,7,1
1153823.03000,2017-10-08,7,1
1154212.01000,2017-10-10,2,1
1131390.01000,2017-09-19,2,1
1156033.01000,2017-10-11,3,2
1157352.01000,2017-10-12,4,3
1134544.01000,2017-09-21,4,3
1137199.01000,2017-09-23,6,5
1138945.01000,2017-09-26,2,1
1157361.01000,2017-10-12,4,3
1158013.00000,2017-10-17,2,3
1160362.01000,2017-10-13,5,6
1161824.01000,2017-10-17,2,1
1161827.01000,2017-10-17,2,1
1147519.01000,2017-10-04,3,2
1149685.01000,2017-10-05,4,3
1171894.01000,2017-10-26,4,3
1172080.01000,2017-10-28,6,5
1181640.01000,2017-11-03,5,4
1183103.01000,2017-11-04,6,5
1186639.01000,2017-11-08,3,2
1186784.01000,2017-11-08,3,2
1187979.01000,2017-11-09,4,3
1188121.01000,2017-11-09,4,3
1189511.01000,2017-11-10,5,4
1190845.01000,2017-11-11,6,5
1192455.01000,2017-11-14,2,1
1192464.01000,2017-11-14,2,1
1192658.01000,2017-11-14,2,1
1194295.01000,2017-11-15,3,2
1194439.01000,2017-11-15,3,2
1195398.01000,2017-11-15,3,2
1198276.01000,2017-11-18,6,5
1201939.01000,2017-11-22,3,2
1201975.01000,2017-11-22,3,2
1203300.01000,2017-11-23,4,3
1108688.01000,2017-08-29,2,1
1116274.01000,2017-09-05,2,1
1120853.01000,2017-09-08,5,4
1122022.01000,2017-09-09,6,5
1123425.01000,2017-09-10,7,1
1137163.01000,2017-09-23,6,5
1137396.01000,2017-09-23,6,5
1142096.01000,2017-09-28,4,3
1149724.01000,2017-10-05,4,3
1151124.01000,2017-10-06,5,4
1154175.01000,2017-10-10,2,1
1158747.01000,2017-10-13,5,4
1158736.01000,2017-10-13,5,4
1161757.01000,2017-10-17,2,1
1164972.01000,2017-10-19,4,3
1167783.01000,2017-10-21,6,5
1171805.01000,2017-10-26,4,3
1179061.01000,2017-11-01,3,2
1180217.01000,2017-11-02,4,3
1182903.01000,2017-11-04,6,5
1184754.01000,2017-11-07,2,1
1184943.01000,2017-11-07,2,1
1186693.01000,2017-11-08,3,2
1192644.02000,2017-11-14,2,1
1194306.01000,2017-11-15,3,2
1194326.01000,2017-11-15,3,2
1195681.01000,2017-11-16,4,3
1197050.01000,2017-11-17,5,4
1198302.02000,2017-11-18,6,5
1198302.03000,2017-11-18,6,5
1203444.01000,2017-11-23,4,3
1207792.01000,2017-11-28,2,1
1209632.01000,2017-11-29,3,2
1209658.02000,2017-11-29,3,2
1210972.01000,2017-11-30,4,3
1211010.01000,2017-11-30,4,3
1212632.01000,2017-12-01,5,4
1161792.01000,2017-10-17,2,1
1161842.01000,2017-10-17,2,1
1167585.01000,2017-10-21,6,5
1167611.01000,2017-10-21,6,5
1169036.03000,2017-10-22,7,1
1171686.01000,2017-10-25,3,2
1177086.01000,2017-10-31,2,1
1180398.01000,2017-11-02,4,3
1181629.01000,2017-11-03,5,4
1181691.01000,2017-11-03,5,4
1181691.02000,2017-11-03,5,4
1182929.01000,2017-11-04,6,5
1184790.01000,2017-11-07,2,1
1186436.00000,2017-11-04,6,5
1192428.01000,2017-11-14,2,1
1192512.01000,2017-11-14,2,1
1194305.01000,2017-11-15,3,2
1195381.01000,2017-11-15,3,2
1195593.01000,2017-11-16,4,3
1196798.00000,2017-11-15,3,2
1197021.01000,2017-11-17,5,4
1197032.01000,2017-11-17,5,4
1197162.01000,2017-11-17,5,4
1198312.01000,2017-11-18,6,5
1198475.01000,2017-11-18,6,5
1203089.00000,2017-11-21,2,1
1203262.01000,2017-11-23,4,3
1203291.01000,2017-11-23,4,3
1203350.01000,2017-11-23,4,3
1209632.02000,2017-11-29,3,2
1212277.00000,2017-11-30,4,1
1158802.01000,2017-10-13,5,4
1160362.00000,2017-10-13,5,6
1164944.01000,2017-10-19,4,3
1166407.01000,2017-10-20,5,4
1169391.01000,2017-10-24,2,1
1171711.01000,2017-10-25,3,2
1171843.01000,2017-10-26,4,3
1177050.01000,2017-10-31,2,1
1178926.01000,2017-11-01,3,2
1181417.00000,2017-11-01,3,2
1181774.01000,2017-11-03,5,4
1182939.01000,2017-11-04,6,5
1186603.01000,2017-11-08,3,2
1186710.00000,2017-11-07,2,3
1192615.01000,2017-11-14,2,1
1195775.01000,2017-11-16,4,3
1200276.01000,2017-11-21,2,1
1202111.01000,2017-11-22,3,2
1204838.01000,2017-11-24,5,4
1207801.01000,2017-11-28,2,1
1209669.01000,2017-11-29,3,2
1209802.01000,2017-11-29,3,2
1211156.01000,2017-11-30,4,3
1212486.01000,2017-12-01,5,4
1213784.02000,2017-12-02,6,5
1213810.01000,2017-12-02,6,5
1160015.01000,2017-10-14,6,5
1161783.01000,2017-10-17,2,1
1167671.01000,2017-10-21,6,5
1169578.01000,2017-10-24,2,1
1171722.01000,2017-10-25,3,2
1172634.01000,2017-10-28,6,5
1177077.01000,2017-10-31,2,1
1178889.01000,2017-11-01,3,2
1178915.01000,2017-11-01,3,2
1186623.01000,2017-11-08,3,2
1186628.01000,2017-11-08,3,2
1187744.01000,2017-11-08,3,2
1187941.01000,2017-11-09,4,3
1211001.01000,2017-11-30,4,3
1212457.02000,2017-12-01,5,4
1212497.01000,2017-12-01,5,4
1194269.01000,2017-11-15,3,2
1194321.01000,2017-11-15,3,2
1194467.01000,2017-11-15,3,2
1215655.01000,2017-12-05,2,1
1217736.01000,2017-12-06,3,2
1198302.01000,2017-11-18,6,5
1220389.01000,2017-12-08,5,4
1221666.01000,2017-12-09,6,5
1201964.01000,2017-11-22,3,2
1225400.01000,2017-12-13,3,2
1225411.01000,2017-12-13,3,2
1207765.01000,2017-11-28,2,1
1207815.01000,2017-11-28,2,1
1207955.01000,2017-11-28,2,1
1229490.01000,2017-12-16,6,5
1229525.01000,2017-12-16,6,5
1237240.00000,2017-12-20,3,4
1159990.01000,2017-10-14,6,5
1160322.00000,2017-10-13,5,6
1163211.00000,2017-10-15,7,1
1166484.01000,2017-10-20,5,4
1169477.01000,2017-10-24,2,1
1169606.02000,2017-10-24,2,1
1171956.01000,2017-10-27,5,4
1172054.01000,2017-10-28,6,5
1172432.01000,2017-10-25,3,2
1172491.01000,2017-10-26,4,3
1172562.01000,2017-10-27,5,4
1177236.01000,2017-10-31,2,1
1263296.02000,2018-01-16,2,1
1184838.01000,2017-11-07,2,1
1195622.01000,2017-11-16,4,3
1195631.01000,2017-11-16,4,3
1195648.01000,2017-11-16,4,3
1209658.01000,2017-11-29,3,2
1213820.01000,2017-12-02,6,5
1213556.00000,2017-11-30,4,3
1217552.01000,2017-12-06,3,2
1217709.01000,2017-12-06,3,2
1218937.01000,2017-12-07,4,3
1217350.00000,2017-12-02,6,1
1220151.00000,2017-12-07,4,1
1220359.01000,2017-12-08,5,4
1221465.00000,2017-12-09,6,5
1221692.01000,2017-12-09,6,5
1221702.01000,2017-12-09,6,5
1225374.01000,2017-12-13,3,2
1228217.01000,2017-12-15,5,4
1229515.01000,2017-12-16,6,5
1231321.01000,2017-12-19,2,1
1233311.01000,2017-12-20,3,2
1234678.01000,2017-12-21,4,3
1234825.01000,2017-12-21,4,3
1233300.01000,2017-12-20,3,2
1236261.01000,2017-12-22,5,4
1237629.01000,2017-12-23,6,5
1248897.00000,2017-12-30,6,5
1262689.00000,2018-01-10,3,5
1217322.00000,2017-12-10,7,6
1218928.01000,2017-12-07,4,3
1225431.01000,2017-12-13,3,2
1226730.01000,2017-12-14,4,3
1226767.01000,2017-12-14,4,3
1229690.01000,2017-12-17,7,5
1234669.01000,2017-12-21,4,3
1234862.01000,2017-12-21,4,3
1236110.01000,2017-12-22,5,4
1237453.01000,2017-12-23,6,5
1246710.00000,2017-12-28,4,3
1267822.01000,2018-01-17,3,4
1213784.01000,2017-12-02,6,5
1217527.01000,2017-12-06,3,2
1221869.01000,2017-12-09,6,5
1223514.01000,2017-12-12,2,1
1226758.01000,2017-12-14,4,3
1226789.01000,2017-12-14,4,3
1231347.01000,2017-12-19,2,1
1231356.01000,2017-12-19,2,1
1233276.01000,2017-12-20,3,2
1233331.01000,2017-12-20,3,2
1236298.01000,2017-12-22,5,4
1237428.01000,2017-12-23,6,5
1220370.01000,2017-12-08,5,4
1220512.01000,2017-12-08,5,4
1227997.00000,2017-12-14,4,1
1228206.01000,2017-12-15,5,4
1278255.00000,2018-01-30,2,5
1279600.01000,2018-01-31,3,2
1262100.01000,2018-01-13,6,5
1263268.01000,2018-01-16,2,1
1234641.01000,2017-12-21,4,3
1284814.01000,2018-02-02,5,4
1285457.01000,2018-02-03,6,5
1266366.01000,2018-01-16,2,3
1287772.01000,2018-02-06,2,1
1287774.01000,2018-02-06,2,1
1287937.01000,2018-02-06,2,1
1242938.00000,2017-12-23,6,3
1290674.01000,2018-02-08,4,3
1246727.01000,2017-12-28,4,3
1295845.01000,2018-02-13,2,1
1297357.01000,2018-02-14,3,2
1298696.01000,2018-02-15,4,3
1298732.01000,2018-02-15,4,3
1300217.01000,2018-02-16,5,4
1300228.01000,2018-02-16,5,4
1301530.01000,2018-02-17,6,5
1303457.01000,2018-02-20,2,1
1303640.02000,2018-02-20,2,1
1258292.01000,2018-01-09,2,3
1306707.01000,2018-02-22,4,3
1308026.00000,2018-02-21,3,4
1262877.02000,2018-01-12,5,6
1309598.01000,2018-02-24,6,5
1311488.01000,2018-02-27,2,1
1316273.01000,2018-03-02,5,4
1317419.00000,2018-02-28,3,2
1317655.01000,2018-03-03,6,5
1317664.01000,2018-03-03,6,5
1321524.01000,2018-03-07,3,2
1273698.01000,2018-01-23,2,3
1279041.01000,2018-01-29,1,2
1280209.00000,2018-01-30,2,3
1282554.01000,2018-02-01,4,3
1282582.01000,2018-02-01,4,3
1284075.01000,2018-02-02,5,4
1285214.00000,2018-02-01,4,5
1285457.02000,2018-02-03,6,5
1289413.01000,2018-02-07,3,2
1291917.01000,2018-02-07,3,4
1293500.01000,2018-02-10,6,5
1293530.01000,2018-02-10,6,5
1276079.01000,2018-01-26,5,4
1279474.01000,2018-01-30,2,1
1279589.01000,2018-01-31,3,2
1300241.02000,2018-02-16,5,4
1279364.00000,2018-01-27,6,7
1303423.01000,2018-02-20,2,1
1303450.01000,2018-02-20,2,1
1303478.01000,2018-02-20,2,1
1282388.01000,2018-01-30,2,3
1284086.01000,2018-02-02,5,4
1284341.00000,2018-02-01,4,5
1305358.01000,2018-02-21,3,2
1305401.01000,2018-02-21,3,2
1285208.00000,2018-02-01,4,3
1285448.01000,2018-02-03,6,5
1285213.00000,2018-02-01,4,5
1285225.00000,2018-01-18,4,7
1306927.01000,2018-02-22,4,3
1307640.00000,2018-02-21,3,2
1309574.01000,2018-02-24,6,5
1309813.01000,2018-02-24,6,5
1289259.01000,2018-02-07,3,2
1311025.00000,2018-02-22,4,5
1290669.01000,2018-02-08,4,3
1311479.01000,2018-02-27,2,1
1311641.01000,2018-02-27,2,1
1290615.01000,2018-02-08,4,3
1292139.01000,2018-02-09,5,4
1292128.01000,2018-02-09,5,4
1293509.01000,2018-02-10,6,5
1293476.01000,2018-02-10,6,5
1314808.01000,2018-03-01,4,3
1316458.01000,2018-03-02,5,4
1296026.02000,2018-02-13,2,1
1297303.01000,2018-02-14,3,2
1297327.01000,2018-02-14,3,2
1319532.00000,2018-03-01,4,5
1298527.01000,2018-02-13,2,3
1301110.00000,2018-02-15,4,5
1301554.01000,2018-02-17,6,5
1301563.01000,2018-02-17,6,5
1301584.01000,2018-02-17,6,5
1303448.01000,2018-02-20,2,1
1303654.01000,2018-02-20,2,1
1324600.01000,2018-03-09,5,4
1303951.00000,2018-02-19,1,2
1305973.01000,2018-02-21,3,2
1306734.01000,2018-02-22,4,3
1306743.01000,2018-02-22,4,3
1307640.01000,2018-02-21,3,2
1307498.01000,2018-02-22,4,3
1308022.00000,2018-02-21,3,2
1308240.01000,2018-02-23,5,4
1308251.01000,2018-02-23,5,4
1308491.00000,2018-02-22,4,5
1308417.01000,2018-02-23,5,4
1309628.01000,2018-02-24,6,5
1310451.01000,2018-02-24,6,5
1311454.01000,2018-02-27,2,1
1311669.02000,2018-02-27,2,1
1312494.01000,2018-02-27,2,1
1313429.01000,2018-02-28,3,2
1313553.01000,2018-02-28,3,2
1313579.01000,2018-02-28,3,2
1314115.01000,2018-02-28,3,2
1314781.01000,2018-03-01,4,3
1314972.01000,2018-03-01,4,3
1316536.00000,2018-03-01,4,5
1317434.01000,2018-03-01,4,5
1317680.01000,2018-03-03,6,5
1317685.01000,2018-03-03,6,5
1316284.01000,2018-03-02,5,4
1316302.01000,2018-03-02,5,4
1317833.01000,2018-03-03,6,5
1319476.00000,2018-03-03,6,1
1320212.02000,2018-03-06,2,1
1321681.01000,2018-03-07,3,2
1322880.01000,2018-03-08,4,3
1322907.01000,2018-03-08,4,3
1323821.01000,2018-03-07,3,2
1324426.01000,2018-03-09,5,4
1323821.00000,2018-03-07,3,2
1325751.01000,2018-03-10,6,5
1325805.01000,2018-03-10,6,5
1327258.03000,2018-03-11,7,1
1327807.01000,2018-03-13,2,1
1329597.01000,2018-03-14,3,2
1329769.01000,2018-03-14,3,2
1323069.01000,2018-03-08,4,3
1325775.01000,2018-03-10,6,5
1325784.01000,2018-03-10,6,5
1327656.01000,2018-03-13,2,1
1278877.00000,2018-01-25,4,6
1278879.00000,2018-01-26,5,6
1279565.01000,2018-01-31,3,2
1329118.00000,2018-03-10,6,1
1329607.01000,2018-03-14,3,2
1331013.01000,2018-03-15,4,3
1331175.01000,2018-03-15,4,3
1282591.01000,2018-02-01,4,3
1332792.01000,2018-03-16,5,4
1332936.01000,2018-03-17,6,5
1284099.01000,2018-02-02,5,4
1333381.00000,2018-03-17,6,5
1334604.01000,2018-03-16,5,4
1285226.00000,2018-01-25,4,7
1285424.01000,2018-02-03,6,5
1335274.00000,2018-03-17,6,1
1287747.01000,2018-02-06,2,1
1287781.01000,2018-02-06,2,1
1289061.01000,2018-02-05,1,2
1339341.01000,2018-03-22,4,3
1290446.01000,2018-02-06,2,3
1290642.01000,2018-02-08,4,3
1290651.01000,2018-02-08,4,3
1340644.01000,2018-03-23,5,4
1340654.01000,2018-03-23,5,4
1341992.01000,2018-03-24,6,5
1342016.01000,2018-03-24,6,5
1343461.00000,2018-04-06,5,6
1295811.01000,2018-02-13,2,1
1295836.01000,2018-02-13,2,1
1345889.01000,2018-03-28,3,2
1347287.01000,2018-03-29,4,3
1273225.01000,2018-01-24,3,2
1297476.01000,2018-02-14,3,2
1347323.01000,2018-03-29,4,3
1300476.00000,2018-02-15,4,5
1352352.01000,2018-04-04,3,2
1279845.02000,2018-01-30,2,1
1303473.01000,2018-02-20,2,1
1353792.02000,2018-04-04,3,2
1305391.01000,2018-02-21,3,2
1355611.01000,2018-04-05,4,3
1356361.01000,2018-04-04,3,2
1282554.02000,2018-02-01,4,3
1357023.01000,2018-04-06,5,4
1357183.01000,2018-04-06,5,4
1308126.01000,2018-02-21,3,4
1308383.01000,2018-02-23,5,4
1360316.01000,2018-04-10,2,1
1311683.01000,2018-02-27,2,1
1362229.01000,2018-04-11,3,2
1362263.01000,2018-04-11,3,2
1289236.01000,2018-02-07,3,2
1289270.01000,2018-02-07,3,2
1313404.01000,2018-02-28,3,2
1313414.01000,2018-02-28,3,2
1313434.01000,2018-02-28,3,2
1290805.01000,2018-02-08,4,3
1291883.00000,2018-02-05,1,2
1316061.01000,2018-02-28,3,4
1366782.01000,2018-04-14,6,5
1292809.01000,2018-02-08,4,3
1368470.01000,2018-04-17,2,1
1368494.01000,2018-04-17,2,1
1369332.01000,2018-04-17,2,1
1319226.00000,2018-03-02,5,6
1320225.01000,2018-03-06,2,1
1297337.01000,2018-02-14,3,2
1371882.01000,2018-04-19,4,3
1372783.01000,2018-04-18,3,2
1298723.01000,2018-02-15,4,3
1322708.01000,2018-03-06,2,3
1322799.01000,2018-03-06,2,3
1322916.01000,2018-03-08,4,3
1323103.01000,2018-03-08,4,3
1323744.00000,2018-03-07,3,4
1374994.01000,2018-04-23,1,5
1300241.01000,2018-02-16,5,4
1300364.01000,2018-02-16,5,4
1324455.01000,2018-03-09,5,4
1324676.00000,2018-03-08,4,5
1327848.01000,2018-03-13,2,1
1378812.01000,2018-04-25,3,2
1305381.01000,2018-02-21,3,2
1305525.01000,2018-02-21,3,2
1306734.02000,2018-02-22,4,3
1309379.01000,2018-02-22,4,5
1309607.01000,2018-02-24,6,5
1313380.01000,2018-02-28,3,2
1315008.01000,2018-03-01,4,3
1316423.01000,2018-03-02,5,4
1317631.01000,2018-03-03,6,5
1320184.01000,2018-03-06,2,1
1321501.01000,2018-03-07,3,2
1321534.01000,2018-03-07,3,2
1322939.01000,2018-03-08,4,3
1324437.01000,2018-03-09,5,4
1325805.02000,2018-03-10,6,5
1325831.01000,2018-03-10,6,5
1327835.02000,2018-03-13,2,1
1329363.00000,2018-03-10,6,5
1329573.01000,2018-03-14,3,2
1329627.01000,2018-03-14,3,2
1329755.01000,2018-03-14,3,2
1332776.01000,2018-03-16,5,4
1337729.01000,2018-03-21,3,2
1340421.00000,2018-03-22,4,3
1340898.00000,2018-03-22,4,5
1342196.01000,2018-03-24,6,5
1343880.01000,2018-03-27,2,1
1343914.01000,2018-03-27,2,1
1345836.01000,2018-03-28,3,2
1347314.01000,2018-03-29,4,3
1348838.01000,2018-03-30,5,4
1348850.01000,2018-03-30,5,4
1349008.01000,2018-03-30,5,4
1352305.01000,2018-04-04,3,2
1352357.01000,2018-04-04,3,2
1352680.01000,2018-04-04,3,2
1352825.00000,2018-04-01,7,6
1354057.00000,2018-04-01,7,1
1355480.02000,2018-04-05,4,3
1355645.01000,2018-04-05,4,3
1356145.00000,2018-04-04,3,5
1357011.01000,2018-04-06,5,4
1330787.00000,2018-03-13,2,1
1358376.01000,2018-04-07,6,5
1331210.01000,2018-03-15,4,3
1332882.01000,2018-03-17,6,5
1332931.01000,2018-03-17,6,5
1333382.00000,2018-03-17,6,5
1360343.01000,2018-04-10,2,1
1333939.00000,2018-03-17,6,5
1361165.01000,2018-04-10,2,1
1336060.01000,2018-03-20,2,1
1362868.01000,2018-04-11,3,2
1363696.01000,2018-04-12,4,3
1363738.01000,2018-04-12,4,3
1363887.01000,2018-04-12,4,3
1327647.01000,2018-03-13,2,1
1327677.01000,2018-03-13,2,1
1327677.02000,2018-03-13,2,1
1365203.01000,2018-04-13,5,4
1365339.01000,2018-04-13,5,4
1365373.01000,2018-04-13,5,4
1365455.00000,2018-04-12,4,5
1365810.01000,2018-04-13,5,4
1329573.02000,2018-03-14,3,2
1339147.01000,2018-03-22,4,3
1366610.01000,2018-04-14,6,5
1339983.00000,2018-03-21,3,4
1331022.01000,2018-03-15,4,3
1331045.01000,2018-03-15,4,3
1368479.01000,2018-04-17,2,1
1368526.01000,2018-04-17,2,1
1332915.01000,2018-03-17,6,5
1333350.00000,2018-03-15,4,5
1370425.01000,2018-04-18,3,2
1370448.01000,2018-04-18,3,2
1343934.01000,2018-03-27,2,1
1335489.00000,2018-03-15,4,1
1345870.01000,2018-03-28,3,2
1345884.01000,2018-03-28,3,2
1373371.01000,2018-04-20,5,4
1337882.01000,2018-03-21,3,2
1339156.01000,2018-03-22,4,3
1340059.01000,2018-03-21,3,2
1341683.00000,2018-03-22,4,1
1342025.01000,2018-03-24,6,5
1343905.01000,2018-03-27,2,1
1352653.01000,2018-04-04,3,2
1344109.01000,2018-03-27,2,1
1345385.00000,2018-03-24,6,1
1354779.00000,2018-03-31,6,1
1345860.01000,2018-03-28,3,2
1346016.01000,2018-03-28,3,2
1355238.00000,2018-04-01,7,1
1356361.00000,2018-04-04,3,2
1347476.01000,2018-03-29,4,3
1356756.01000,2018-04-04,3,2
1348828.01000,2018-03-30,5,4
1348855.01000,2018-03-30,5,4
1348974.01000,2018-03-30,5,4
1358424.01000,2018-04-07,6,5
1358429.01000,2018-04-07,6,5
1360453.01000,2018-04-10,2,1
1360494.01000,2018-04-10,2,1
1352328.01000,2018-04-04,3,2
1352338.01000,2018-04-04,3,2
1361158.02000,2018-04-10,2,1
1362409.01000,2018-04-11,3,2
1363444.00000,2018-04-10,2,4
1363480.01000,2018-04-10,2,3
1363687.01000,2018-04-12,4,3
1363852.01000,2018-04-12,4,3
1355480.01000,2018-04-05,4,3
1356712.00000,2018-04-04,3,4
1357028.01000,2018-04-06,5,4
1357150.01000,2018-04-06,5,4
1358051.00000,2018-04-05,4,1
1366371.01000,2018-04-12,4,5
1368499.01000,2018-04-17,2,1
1368638.01000,2018-04-17,2,1
1360287.01000,2018-04-10,2,1
1360296.01000,2018-04-10,2,1
1369356.01000,2018-04-17,2,1
1361142.01000,2018-04-10,2,1
1361345.00000,2018-04-08,7,1
1370425.02000,2018-04-18,3,2
1370624.01000,2018-04-19,4,2
1361770.00000,2018-04-07,6,1
1362435.01000,2018-04-11,3,2
1371041.01000,2018-04-18,3,2
1371898.01000,2018-04-19,4,3
1363660.01000,2018-04-12,4,3
1363712.01000,2018-04-12,4,3
1372709.00000,2018-04-18,3,4
1373381.01000,2018-04-20,5,4
1374026.00000,2018-04-20,5,4
1366577.01000,2018-04-14,6,5
1368666.02000,2018-04-17,2,1
1368679.01000,2018-04-17,2,1
1369539.00000,2018-04-15,7,1
1370458.01000,2018-04-18,3,2
1371636.00000,2018-04-17,2,4
1380797.00000,2018-04-25,3,5
1372783.00000,2018-04-18,3,2
1382190.01000,2018-04-28,6,5
1382376.01000,2018-04-27,5,4
1373546.01000,2018-04-20,5,4
1373626.00000,2018-04-19,4,5
1374544.00000,2018-04-18,3,4
1384028.01000,2018-04-28,6,5
1385355.01000,2018-05-01,2,1
1378658.01000,2018-04-25,3,2
1379849.00000,2018-04-24,2,4
1382013.01000,2018-04-27,5,4
1382023.01000,2018-04-27,5,4
1382112.01000,2018-04-28,6,5
1382145.01000,2018-04-28,6,5
1382587.00000,2018-04-26,4,5
1385380.01000,2018-05-01,2,1
1385591.01000,2018-05-01,2,1
1387046.01000,2018-05-02,3,2
1387145.01000,2018-05-03,4,3
1388880.00000,2018-05-02,3,2
1388880.01000,2018-05-02,3,2
1389551.00000,2018-05-01,2,4
1389860.01000,2018-05-04,5,4
1391277.01000,2018-05-05,6,5
1393363.02000,2018-05-08,2,1
1395118.01000,2018-05-09,3,2
1395152.01000,2018-05-09,3,2
1397250.00000,2018-05-09,3,5
1398231.01000,2018-05-11,5,4
1399442.01000,2018-05-12,6,5
1401361.01000,2018-05-15,2,1
1403274.01000,2018-05-16,3,2
1406214.01000,2018-05-18,5,4
1327622.01000,2018-03-13,2,1
1407536.01000,2018-05-19,6,5
1407567.01000,2018-05-19,6,5
1409257.01000,2018-05-18,5,6
1409496.01000,2018-05-22,2,1
1331699.00000,2018-03-14,3,5
1332810.01000,2018-03-16,5,4
1332906.01000,2018-03-17,6,5
1333178.01000,2018-03-16,5,4
1333216.01000,2018-03-17,6,5
1333253.01000,2018-03-17,6,5
1333380.00000,2018-03-17,6,5
1334170.03000,2018-03-15,4,5
1329781.01000,2018-03-14,3,2
1330986.01000,2018-03-15,4,3
1414530.01000,2018-05-25,5,4
1336094.01000,2018-03-20,2,1
1332782.01000,2018-03-16,5,4
1332805.01000,2018-03-16,5,4
1333143.01000,2018-03-16,5,4
1337739.01000,2018-03-21,3,2
1337758.01000,2018-03-21,3,2
1333368.00000,2018-03-17,6,5
1417671.01000,2018-05-29,2,1
1334188.03000,2018-03-15,4,5
1339120.01000,2018-03-22,4,3
1339173.01000,2018-03-22,4,3
1339829.00000,2018-03-21,3,5
1340059.00000,2018-03-21,3,2
1336085.01000,2018-03-20,2,1
1336114.01000,2018-03-20,2,1
1419567.01000,2018-05-30,3,2
1420778.00000,2018-05-29,2,4
1342233.01000,2018-03-24,6,5
1337706.01000,2018-03-21,3,2
1337909.01000,2018-03-21,3,2
1422530.01000,2018-06-01,5,4
1344215.00000,2018-03-25,7,6
1339178.01000,2018-03-22,4,3
1423583.00000,2018-05-31,4,1
1341228.02000,2018-03-23,5,4
1344096.02000,2018-03-27,2,1
1427702.01000,2018-06-04,1,2
1427952.01000,2018-06-06,3,2
1349088.00000,2018-03-29,4,5
1349875.00000,2018-03-29,4,1
1430630.01000,2018-06-06,3,4
1348001.00000,2018-03-28,3,5
1432088.01000,2018-06-07,4,5
1432157.01000,2018-06-09,6,5
1355458.01000,2018-04-05,4,3
1355475.01000,2018-04-05,4,3
1358400.01000,2018-04-07,6,5
1358582.01000,2018-04-07,6,5
1359076.01000,2018-04-07,6,5
1353328.00000,2018-04-03,2,3
1360481.02000,2018-04-10,2,1
1355449.01000,2018-04-05,4,3
1362253.01000,2018-04-11,3,2
1362277.01000,2018-04-11,3,2
1362852.01000,2018-04-11,3,2
1357001.01000,2018-04-06,5,4
1358409.01000,2018-04-07,6,5
1358619.01000,2018-04-07,6,5
1360262.01000,2018-04-10,2,1
1369971.00000,2018-04-14,6,1
1365193.01000,2018-04-13,5,4
1371873.01000,2018-04-19,4,3
1372069.01000,2018-04-19,4,3
1366259.00000,2018-04-12,4,1
1366601.01000,2018-04-14,6,5
1374016.00000,2018-04-20,5,4
1367326.02000,2018-04-14,6,5
1368027.00000,2018-04-12,4,5
1368445.01000,2018-04-17,2,1
1371663.00000,2018-04-16,1,2
1371846.01000,2018-04-19,4,3
1378838.01000,2018-04-25,3,2
1372571.00000,2018-04-18,3,5
1374434.00000,2018-04-19,4,1
1382136.01000,2018-04-28,6,5
1378167.00000,2018-04-21,6,1
1385389.01000,2018-05-01,2,1
1385578.02000,2018-05-01,2,1
1387172.01000,2018-05-03,4,3
1387406.01000,2018-05-02,3,2
1390065.01000,2018-05-04,5,4
1391254.02000,2018-05-05,6,5
1392982.01000,2018-05-04,5,6
1396321.00000,2018-05-08,2,4
1399118.00000,2018-05-10,4,1
1399658.01000,2018-05-12,6,5
1403334.01000,2018-05-16,3,2
1404668.01000,2018-05-17,4,3
1404693.01000,2018-05-17,4,3
1404721.01000,2018-05-17,4,3
1404854.01000,2018-05-17,4,3
1406367.01000,2018-05-18,5,4
1407330.00000,2018-05-16,3,4
1407777.01000,2018-05-19,6,5
1410304.02000,2018-05-22,2,1
1411434.01000,2018-05-23,3,2
1411581.01000,2018-05-23,3,2
1413450.01000,2018-05-22,2,3
1414350.01000,2018-05-25,5,4
1414728.00000,2018-05-24,4,5
1417430.01000,2018-05-25,5,6
1419366.00000,2018-05-28,1,3
1420945.01000,2018-05-29,2,3
1421043.01000,2018-05-31,4,3
1421226.01000,2018-05-31,4,3
1423924.01000,2018-06-02,6,5
1427977.01000,2018-06-06,3,2
1428359.01000,2018-06-04,1,2
1429167.01000,2018-06-05,2,3
1431382.01000,2018-06-08,5,4
1432177.02000,2018-06-09,6,5
1432360.01000,2018-06-09,6,5
1433868.01000,2018-06-08,5,6
1387023.01000,2018-05-02,3,2
1387506.01000,2018-05-03,4,3
1390948.00000,2018-05-03,4,1
1391254.01000,2018-05-05,6,5
1391286.01000,2018-05-05,6,5
1391457.01000,2018-05-05,6,5
1393225.01000,2018-05-08,2,1
1393376.01000,2018-05-08,2,1
1394927.00000,2018-05-09,3,2
1396715.01000,2018-05-10,4,3
1396749.01000,2018-05-10,4,3
1398080.01000,2018-05-11,5,4
1398663.01000,2018-05-11,5,4
1399348.01000,2018-05-10,4,5
1401314.01000,2018-05-15,2,1
1401503.02000,2018-05-15,2,1
1401516.01000,2018-05-15,2,1
1387074.01000,2018-05-02,3,2
1387432.01000,2018-05-02,3,2
1404702.01000,2018-05-17,4,3
1404716.01000,2018-05-17,4,3
1404887.01000,2018-05-17,4,3
1387473.01000,2018-05-03,4,3
1406219.01000,2018-05-18,5,4
1406251.01000,2018-05-18,5,4
1385410.01000,2018-05-01,2,1
1385410.02000,2018-05-01,2,1
1385550.01000,2018-05-01,2,1
1389897.01000,2018-05-04,5,4
1387181.01000,2018-05-03,4,3
1390143.00000,2018-05-03,4,5
1409013.00000,2018-05-18,5,6
1389887.01000,2018-05-04,5,4
1393145.01000,2018-05-08,2,1
1393336.01000,2018-05-08,2,1
1412825.01000,2018-05-24,4,3
1413141.00000,2018-05-23,3,4
1395142.01000,2018-05-09,3,2
1393178.01000,2018-05-08,2,1
1414407.01000,2018-05-25,5,4
1415780.01000,2018-05-26,6,5
1415978.01000,2018-05-26,6,5
1395300.01000,2018-05-09,3,2
1395735.01000,2018-05-09,3,2
1417593.01000,2018-05-29,2,1
1417785.01000,2018-05-29,2,1
1396553.01000,2018-05-10,4,3
1399622.01000,2018-05-12,6,5
1398053.01000,2018-05-11,5,4
1401281.01000,2018-05-15,2,1
1401305.01000,2018-05-15,2,1
1399201.00000,2018-05-10,4,3
1399419.01000,2018-05-12,6,5
1399451.01000,2018-05-12,6,5
1421034.01000,2018-05-31,4,3
1421193.01000,2018-05-31,4,3
1403168.01000,2018-05-14,1,2
1403186.01000,2018-05-14,1,2
1403251.01000,2018-05-16,3,2
1403453.01000,2018-05-16,3,2
1421630.01000,2018-05-29,2,3
1401119.01000,2018-05-11,5,6
1404604.01000,2018-05-15,2,3
1422673.01000,2018-06-01,5,4
1401476.01000,2018-05-15,2,1
1423915.01000,2018-06-02,6,5
1402924.00000,2018-05-15,2,1
1406055.01000,2018-05-16,3,4
1407256.00000,2018-05-16,3,4
1404456.00000,2018-05-15,2,4
1425792.01000,2018-06-05,2,1
1425980.01000,2018-06-05,2,1
1405304.01000,2018-05-15,2,3
1406192.01000,2018-05-18,5,4
1406202.01000,2018-05-18,5,4
1406335.01000,2018-05-18,5,4
1409605.01000,2018-05-22,2,1
1427569.00000,2018-06-04,1,2
1427763.01000,2018-06-06,3,2
1427793.01000,2018-06-06,3,2
1407318.00000,2018-05-04,5,4
1411206.00000,2018-05-20,7,2
1409024.00000,2018-05-18,5,4
1411606.01000,2018-05-23,3,2
1432396.01000,2018-06-09,6,5
1432912.01000,2018-06-12,2,5
1411045.00000,2018-05-22,2,1
1411335.01000,2018-05-21,1,2
1411482.01000,2018-05-23,3,2
1414497.01000,2018-05-25,5,4
1415664.01000,2018-05-24,4,5
1415759.01000,2018-05-26,6,5
1415942.01000,2018-05-26,6,5
1412859.01000,2018-05-24,4,3
1412872.01000,2018-05-24,4,3
1413045.01000,2018-05-24,4,3
1436045.01000,2018-06-13,3,2
1413545.00000,2018-05-23,3,5
1414101.01000,2018-05-23,3,2
1414217.01000,2018-05-23,3,4
1437452.01000,2018-06-14,4,3
1437472.01000,2018-06-14,4,3
1437477.01000,2018-06-14,4,3
1414360.01000,2018-05-25,5,4
1437607.01000,2018-06-14,4,3
1419234.00000,2018-05-29,2,1
1419747.01000,2018-05-30,3,2
1421009.01000,2018-05-31,4,3
1436025.01000,2018-06-13,3,2
1436054.01000,2018-06-13,3,2
1424100.01000,2018-06-02,6,5
1437429.01000,2018-06-14,4,3
1438150.00000,2018-06-13,3,5
1425815.01000,2018-06-05,2,1
1425824.01000,2018-06-05,2,1
1439003.01000,2018-06-15,5,4
1439167.01000,2018-06-15,5,4
1422540.01000,2018-06-01,5,4
1423820.01000,2018-05-31,4,5
1425283.00000,2018-06-06,3,5
1442446.01000,2018-06-19,2,1
1429957.00000,2018-06-06,3,5
1429004.00000,2018-06-05,2,4
1429030.01000,2018-06-06,3,2
1429228.01000,2018-06-07,4,3
1431844.00000,2018-06-07,4,1
1433646.00000,2018-06-08,5,4
1438110.01000,2018-06-14,4,3
1452490.01000,2018-06-27,3,2
1453945.01000,2018-06-28,4,3
1460686.01000,2018-07-04,3,2
1461168.01000,2018-07-04,3,2
1462150.01000,2018-07-05,4,3
1463699.01000,2018-07-06,5,4
1439013.01000,2018-06-15,5,4
1439135.01000,2018-06-15,5,4
1467060.00000,2018-07-05,4,5
1467330.01000,2018-07-10,2,1
1440429.01000,2018-06-16,6,5
1440584.01000,2018-06-16,6,5
1389909.01000,2018-05-04,5,4
1390033.01000,2018-05-04,5,4
1470519.00000,2018-07-12,4,3
1442268.01000,2018-06-19,2,1
1391183.01000,2018-05-03,4,5
1393169.01000,2018-05-08,2,1
1473052.01000,2018-07-13,5,4
1473348.01000,2018-07-14,6,5
1473356.01000,2018-07-14,6,5
1473563.01000,2018-07-14,6,5
1436196.01000,2018-06-13,3,2
1394928.00000,2018-05-05,6,5
1437460.01000,2018-06-14,4,3
1396465.01000,2018-05-08,2,3
1396527.01000,2018-05-10,4,3
1396562.01000,2018-05-10,4,3
1397799.00000,2018-05-09,3,2
1397918.01000,2018-05-09,3,4
1398063.01000,2018-05-11,5,4
1477219.01000,2018-07-18,3,2
1477228.01000,2018-07-18,3,2
1477399.01000,2018-07-18,3,2
1398198.01000,2018-05-11,5,4
1440063.00000,2018-06-14,4,1
1440404.01000,2018-06-16,6,5
1440412.01000,2018-06-16,6,5
1480195.01000,2018-07-20,5,4
1441859.00000,2018-06-15,5,4
1401334.01000,2018-05-15,2,1
1480335.01000,2018-07-20,5,4
1442297.01000,2018-06-19,2,1
1481295.00000,2018-07-20,5,4
1403056.01000,2018-05-15,2,1
1403151.01000,2018-05-14,1,2
1403284.01000,2018-05-16,3,2
1444282.01000,2018-06-20,3,2
1444426.01000,2018-06-20,3,2
1403427.01000,2018-05-16,3,2
1445687.01000,2018-06-21,4,3
1406037.01000,2018-05-16,3,4
1485690.01000,2018-07-25,3,2
1407463.01000,2018-05-17,4,5
1407558.01000,2018-05-19,6,5
1448616.01000,2018-06-23,6,5
1489612.00000,2018-07-25,3,4
1411401.01000,2018-05-23,3,2
1411424.01000,2018-05-23,3,2
1412609.00000,2018-05-22,2,4
1412850.01000,2018-05-24,4,3
1453953.01000,2018-06-28,4,3
1412877.01000,2018-05-24,4,3
1413011.01000,2018-05-24,4,3
1455457.01000,2018-06-29,5,4
1456824.01000,2018-06-30,6,5
1457002.01000,2018-06-30,6,5
1458689.01000,2018-07-03,2,1
1458710.01000,2018-07-03,2,1
1458888.01000,2018-07-03,2,1
1460333.00000,2018-07-03,2,1
1462175.01000,2018-07-05,4,3
1420784.00000,2018-05-29,2,1
1422310.00000,2018-05-30,3,1
1422396.01000,2018-05-30,3,4
1463765.00000,2018-07-06,5,4
1464804.00000,2018-07-06,5,4
1465092.01000,2018-07-07,6,5
1423893.01000,2018-06-02,6,5
1425630.01000,2018-06-01,5,6
1426020.01000,2018-06-05,2,1
1467196.00000,2018-07-09,1,2
1467550.01000,2018-07-10,2,1
1427932.00000,2018-06-06,3,2
1429251.01000,2018-06-07,4,3
1429259.01000,2018-06-07,4,3
1470632.01000,2018-07-12,4,3
1430758.01000,2018-06-08,5,4
1430767.01000,2018-06-08,5,4
1430904.01000,2018-06-08,5,4
1473056.00000,2018-07-13,5,4
1473104.00000,2018-07-13,5,4
1432177.01000,2018-06-09,6,5
1432185.01000,2018-06-09,6,5
1474040.01000,2018-07-16,1,5
1475202.01000,2018-07-17,2,1
1477198.01000,2018-07-18,3,2
1478657.01000,2018-07-19,4,3
1479960.00000,2018-07-20,5,1
1438994.01000,2018-06-15,5,4
1439610.01000,2018-06-15,5,4
1481623.01000,2018-07-21,6,5
1441094.01000,2018-06-16,6,5
1489608.01000,2018-07-25,3,4
1442289.01000,2018-06-19,2,1
1444252.01000,2018-06-20,3,2
1445487.00000,2018-06-22,5,2
1447213.01000,2018-06-22,5,4
1447822.01000,2018-06-22,5,4
1455452.01000,2018-06-29,5,4
1456805.01000,2018-06-30,6,5
1456844.01000,2018-06-30,6,5
1460679.01000,2018-07-04,3,2
1460688.01000,2018-07-04,3,2
1462170.01000,2018-07-05,4,3
1462340.01000,2018-07-05,4,3
1463690.01000,2018-07-06,5,4
1467351.01000,2018-07-10,2,1
1469025.01000,2018-07-11,3,2
1471955.01000,2018-07-13,5,4
1472032.00000,2018-07-13,5,4
1473099.00000,2018-07-13,5,4
1473102.01000,2018-07-11,3,4
1473105.02000,2018-07-13,5,4
1473329.01000,2018-07-14,6,5
1475223.01000,2018-07-17,2,1
1485270.02000,2018-07-24,2,1
1487139.01000,2018-07-26,4,3
1488611.01000,2018-07-27,5,4
1489608.00000,2018-07-25,3,4
1491932.01000,2018-07-31,2,1
1444273.01000,2018-06-20,3,2
1448281.00000,2018-06-21,4,1
1448394.00000,2018-06-21,4,3
1450501.01000,2018-06-26,2,1
1450509.01000,2018-06-26,2,1
1452499.01000,2018-06-27,3,2
1452666.01000,2018-06-27,3,2
1453923.01000,2018-06-28,4,3
1455573.01000,2018-06-29,5,4
1456502.00000,2018-06-28,4,1
1460658.01000,2018-07-04,3,2
1462158.01000,2018-07-05,4,3
1462175.02000,2018-07-05,4,3
1463714.01000,2018-07-06,5,4
1465111.01000,2018-07-07,6,5
1465293.01000,2018-07-07,6,5
1467359.01000,2018-07-10,2,1
1467512.01000,2018-07-10,2,1
1468780.00000,2018-07-10,2,1
1468780.02000,2018-07-10,2,1
1468996.01000,2018-07-11,3,2
1470245.01000,2018-07-10,2,3
1470453.01000,2018-07-12,4,3
1473105.00000,2018-07-13,5,4
1473373.01000,2018-07-14,6,5
1473528.01000,2018-07-14,6,5
1475381.01000,2018-07-17,2,1
1476976.02000,2018-07-17,2,1
1478849.01000,2018-07-19,4,3
1480210.02000,2018-07-20,5,4
1481346.02000,2018-07-20,5,4
1481596.01000,2018-07-21,6,5
1481832.01000,2018-07-21,6,5
1483132.01000,2018-07-22,7,1
1485179.00000,2018-07-24,2,1
1485267.00000,2018-07-24,2,1
1485270.00000,2018-07-24,2,1
1488640.01000,2018-07-27,5,4
1489610.00000,2018-07-27,5,4
1490084.01000,2018-07-28,6,5
1493956.01000,2018-08-01,3,2
1490049.01000,2018-07-28,6,5
1495038.01000,2018-07-31,2,3
1497965.01000,2018-08-02,4,5
1514932.00000,2018-08-18,6,5
1514947.01000,2018-08-18,6,5
1521930.00000,2018-08-22,3,4
1440384.01000,2018-06-16,6,5
1440424.01000,2018-06-16,6,5
1441144.01000,2018-06-16,6,5
1449352.01000,2018-06-23,6,5
1450480.01000,2018-06-26,2,1
1452470.01000,2018-06-27,3,2
1455433.01000,2018-06-29,5,4
1455442.01000,2018-06-29,5,4
1456832.01000,2018-06-30,6,5
1456849.01000,2018-06-30,6,5
1458668.01000,2018-07-03,2,1
1460699.01000,2018-07-04,3,2
1460862.01000,2018-07-04,3,2
1467426.00000,2018-07-10,2,1
1470599.01000,2018-07-12,4,3
1471964.01000,2018-07-13,5,4
1471979.01000,2018-07-13,5,4
1473368.01000,2018-07-14,6,5
1476884.00000,2018-07-17,2,1
1476974.00000,2018-07-17,2,1
1476976.00000,2018-07-17,2,1
1477847.01000,2018-07-18,3,2
1478635.01000,2018-07-19,4,3
1478665.01000,2018-07-19,4,3
1478815.01000,2018-07-19,4,3
1480210.01000,2018-07-20,5,4
1481277.00000,2018-07-19,4,5
1481277.01000,2018-07-20,5,4
1485664.01000,2018-07-25,3,2
1495037.01000,2018-07-31,2,3
1489613.00000,2018-07-27,5,4
1514601.00000,2018-08-14,2,3
1514947.00000,2018-08-18,6,5
1445709.01000,2018-06-21,4,3
1447204.01000,2018-06-22,5,4
1448597.01000,2018-06-23,6,5
1448624.01000,2018-06-23,6,5
1448798.01000,2018-06-23,6,5
1448834.01000,2018-06-23,6,5
1452279.00000,2018-06-23,6,5
1453965.01000,2018-06-28,4,3
1455604.01000,2018-06-29,5,4
1458697.01000,2018-07-03,2,1
1458715.01000,2018-07-03,2,1
1544560.01000,2018-09-12,3,2
1460475.00000,2018-07-01,7,6
1460704.01000,2018-07-04,3,2
1460837.01000,2018-07-04,3,2
1462128.01000,2018-07-05,4,3
1463709.01000,2018-07-06,5,4
1464870.00000,2018-07-05,4,5
1464890.01000,2018-07-05,4,5
1465119.01000,2018-07-07,6,5
1466775.00000,2018-07-06,5,6
1468708.00000,2018-07-10,2,1
1470246.01000,2018-07-10,2,3
1470423.01000,2018-07-12,4,3
1472100.01000,2018-07-13,5,4
1473102.00000,2018-07-11,3,4
1473472.01000,2018-07-14,6,5
1475231.01000,2018-07-17,2,1
1477374.01000,2018-07-18,3,2
1478456.01000,2018-07-17,2,3
1480186.01000,2018-07-20,5,4
1481346.00000,2018-07-20,5,4
1481395.01000,2018-07-19,4,5
1483482.01000,2018-07-24,2,1
1483503.01000,2018-07-24,2,1
1483511.01000,2018-07-24,2,1
1487106.01000,2018-07-26,4,3
1493931.01000,2018-08-01,3,2
1504857.00000,2018-08-01,3,1
1509064.01000,2018-08-12,7,6
1532877.00000,2018-08-28,2,3
1532892.00000,2018-08-29,3,2
1514932.01000,2018-08-18,6,5
1532455.00000,2018-08-30,4,1
1536097.01000,2018-09-05,3,2
1555141.00000,2018-09-19,3,4
1548049.00000,2018-09-13,4,1
1552108.00000,2018-09-15,6,5
1572098.00000,2018-09-30,7,6
1573518.00000,2018-10-03,3,2
1578154.00000,2018-10-09,2,1
1596263.00000,2018-10-24,3,2
1599160.00000,2018-10-25,4,1
1501232.00000,2018-08-06,1,2
1556457.00000,2018-09-20,4,1
1506265.00000,2018-08-09,4,6
1522809.00000,2018-08-23,4,1
1587650.00000,2018-10-17,3,2
1539621.00000,2018-09-06,4,1
1538605.00000,2018-09-06,4,5
1540705.01000,2018-09-08,6,5
1541501.00000,2018-09-07,5,1
1599238.00000,2018-10-25,4,3
1564931.00000,2018-09-27,4,1
1570489.00000,2018-10-03,3,2
1573447.00000,2018-10-04,4,1
1579172.00000,2018-10-10,3,2
1582058.00000,2018-10-11,4,5
1590521.00000,2018-10-18,4,1
1620038.01000,2018-11-12,1,2
1620054.00000,2018-11-12,1,2
1620306.00000,2018-11-12,1,2
1644332.00000,2018-11-30,5,4
1651186.00000,2018-12-06,4,1
1564992.00000,2018-09-20,4,5
1633791.00000,2018-11-22,4,1
1646622.02000,2018-12-04,2,1
1648185.00000,2018-12-04,2,4
1651298.00000,2018-12-05,3,2
1579150.00000,2018-10-06,6,5
1582049.00000,2018-10-11,4,1
1604833.00000,2018-10-31,3,2
1607738.00000,2018-11-01,4,1
1613888.00000,2018-11-08,4,3
1620033.00000,2018-11-12,1,2
1620039.00000,2018-11-12,1,2
1620042.00000,2018-11-12,1,2
1620046.00000,2018-11-12,1,2
1644309.00000,2018-11-30,5,4
1661495.00000,2018-12-14,5,3
1620003.00000,2018-11-12,1,2
1620007.00000,2018-11-12,1,2
1620059.00000,2018-11-12,1,2
1652293.00000,2018-12-07,5,2
1655464.01000,2018-12-09,7,1
1655893.01000,2018-12-16,7,5
1667837.00000,2018-12-20,4,3
1668711.00000,2018-12-20,4,1
1669371.00000,2018-12-21,5,6
1669371.02000,2018-12-21,5,6
1673436.01000,2018-12-30,7,5
1674791.00000,2018-12-26,3,2
1685534.01000,2019-01-02,3,4
1685556.03000,2019-01-02,3,4
1692149.00000,2019-01-08,2,1
1693767.00000,2019-01-08,2,1
1705759.01000,2019-01-15,2,3
1708118.00000,2019-01-18,5,4
1660566.01000,2018-12-15,6,5
1673520.00000,2018-12-25,2,3
1675437.00000,2018-12-26,3,2
1677400.00000,2018-12-27,4,1
1613517.00000,2018-11-07,3,2
1685504.01000,2019-01-02,3,4
1685506.01000,2019-01-02,3,4
1685524.01000,2019-01-02,3,4
1685555.01000,2019-01-02,3,4
1685556.02000,2019-01-02,3,4
1685557.03000,2019-01-02,3,4
1620038.00000,2018-11-12,1,2
1620062.00000,2018-11-12,1,2
1699383.00000,2019-01-14,1,2
1708116.00000,2019-01-22,2,1
1642425.00000,2018-11-29,4,1
1712646.02000,2019-01-25,5,4
1656972.00000,2018-12-12,3,2
1667359.00000,2018-12-19,3,4
1616469.00000,2018-11-08,4,1
1669371.01000,2018-12-21,5,6
1620004.00000,2018-11-12,1,2
1620006.00000,2018-11-12,1,2
1620017.00000,2018-11-12,1,2
1620259.00000,2018-11-12,1,2
1625101.00000,2018-11-15,4,1
1686350.00000,2019-01-03,4,1
1695123.00000,2019-01-10,4,1
1700897.00000,2019-01-15,2,1
1702482.01000,2019-01-18,5,4
1703864.00000,2019-01-17,4,1
1708131.00000,2019-01-18,5,1
1655437.00000,2018-12-08,6,5
1659925.00000,2018-12-13,4,1
1666262.00000,2018-12-19,3,2
1669339.01000,2018-12-23,7,5
1669381.00000,2018-12-21,5,6
1678625.00000,2018-12-28,5,2
1685525.01000,2019-01-02,3,4
1685530.04000,2019-01-02,3,4
1687501.00000,2019-01-04,5,2
1721261.00000,2019-01-31,4,1
1715007.01000,2019-01-28,1,2
1746125.01000,2019-02-21,4,3
1751791.00000,2019-02-23,6,5
1765182.01000,2019-03-08,5,4
1765198.00000,2019-02-02,6,5
1718484.00000,2019-01-31,4,5
1723738.00000,2019-02-04,1,3
1738825.00000,2019-02-14,4,1
1675335.01000,2018-12-29,6,5
1675499.00000,2018-12-26,3,4
1683052.00000,2019-01-01,2,1
1685530.05000,2019-01-02,3,4
1685530.06000,2019-01-02,3,4
1685557.02000,2019-01-02,3,4
1697584.00000,2019-01-14,1,3
1765626.00000,2019-03-22,5,6
1708116.02000,2019-01-22,2,1
1712646.00000,2019-01-25,5,4
1731230.00000,2019-02-08,5,2
1725540.00000,2019-02-02,6,5
1730075.00000,2019-02-07,4,1
1738919.00000,2019-02-14,4,3
1779768.00000,2019-03-19,2,1
1685530.07000,2019-01-02,3,4
1691917.00000,2019-01-08,2,1
1789959.00000,2019-03-27,3,4
1789999.00000,2019-03-27,3,4
1790017.00000,2019-03-27,3,4
1693753.00000,2018-12-22,6,5
1756281.00000,2019-02-28,4,1
1747566.00000,2019-02-21,4,1
1793268.00000,2019-03-29,5,4
1700656.00000,2019-01-15,2,1
1702482.03000,2019-01-18,5,4
1702926.00000,2019-01-18,5,4
1712584.00000,2019-01-24,4,1
1724281.00000,2019-02-04,1,5
1727069.00000,2019-02-01,5,1
1752192.00000,2019-02-26,2,3
1773944.00000,2019-03-14,4,1
1730083.01000,2019-02-08,5,4
1750007.00000,2019-02-25,1,3
1751778.01000,2019-02-26,2,1
1765119.00000,2019-03-07,4,1
1775867.00000,2019-03-15,5,4
1782729.00000,2019-03-21,4,1
1787018.01000,2019-03-28,4,5
1789966.00000,2019-03-27,3,4
1789970.00000,2019-03-27,3,4
1789993.00000,2019-03-27,3,4
1790006.00000,2019-03-27,3,4
1790026.00000,2019-03-27,3,4
1791565.00000,2019-03-28,4,1
1820814.01000,2019-04-24,3,4
1779769.00000,2019-03-19,2,1
1787336.00000,2019-03-26,2,3
1787337.00000,2019-03-26,2,3
1788048.00000,2019-03-26,2,6
1789975.00000,2019-03-27,3,4
1790014.00000,2019-03-27,3,4
1790028.00000,2019-03-27,3,4
1800428.00000,2019-04-04,4,1
1820812.01000,2019-04-24,3,4
1827357.00000,2019-04-25,4,1
1827474.00000,2019-03-31,7,6
1829329.02000,2019-04-28,7,1
1834847.00000,2019-04-29,1,3
1840652.00000,2019-05-04,6,5
1841530.03000,2019-05-09,4,3
1867165.00000,2019-05-26,7,1
1871695.00000,2019-05-30,4,1
1789988.00000,2019-03-27,3,4
1820802.01000,2019-04-24,3,4
1826684.01000,2019-04-26,5,4
1837519.00000,2019-05-05,7,1
1838333.01000,2019-05-05,7,1
1838344.01000,2019-05-05,7,1
1840653.00000,2019-05-04,6,5
1841493.01000,2019-05-09,4,3
1841530.02000,2019-05-09,4,3
1867168.00000,2019-05-26,7,1
1868050.01000,2019-05-29,3,4
1868077.01000,2019-05-29,3,4
1879222.00000,2019-06-09,7,6
1787019.01000,2019-03-28,4,5
1787338.00000,2019-03-26,2,3
1789999.01000,2019-03-27,3,4
1790025.00000,2019-03-27,3,4
1790034.00000,2019-03-27,3,4
1793790.01000,2019-03-30,6,7
1799010.00000,2019-04-02,2,3
1809380.00000,2019-04-11,4,1
1811937.00000,2019-04-15,1,3
1818289.00000,2019-04-18,4,1
1820798.01000,2019-04-24,3,4
1820799.01000,2019-04-24,3,4
1820807.01000,2019-04-18,4,1
1820809.01000,2019-04-24,3,4
1841512.01000,2019-05-09,4,3
1862876.00000,2019-05-23,4,1
1867649.01000,2019-05-28,2,3
1789980.00000,2019-03-27,3,4
1789985.00000,2019-03-27,3,4
1789991.00000,2019-03-27,3,4
1789999.02000,2019-03-27,3,4
1790012.00000,2019-03-27,3,4
1790024.00000,2019-03-27,3,4
1814034.00000,2019-04-15,1,2
1820806.01000,2019-04-24,3,4
1822963.00000,2019-04-22,1,2
1826684.00000,2019-04-26,5,4
1829358.01000,2019-04-28,7,1
1831666.00000,2019-04-29,1,2
1885029.01000,2019-06-10,1,2
1889524.00000,2019-06-13,4,1
1852618.00000,2019-05-14,2,1
1905866.00000,2019-06-26,3,4
1867164.00000,2019-05-26,7,1
1867649.02000,2019-05-28,2,3
1868075.01000,2019-05-29,3,4
1880639.00000,2019-06-06,4,1
1929610.00000,2019-07-14,7,6
1882970.01000,2019-06-10,1,2
1934261.00000,2019-07-18,4,1
1884953.00000,2019-06-07,5,4
1831648.00000,2019-04-28,7,6
1836287.00000,2019-05-02,4,1
1900460.01000,2019-06-23,7,1
1841522.01000,2019-05-09,4,3
1845181.00000,2019-05-09,4,1
1849493.00000,2019-05-13,1,5
1854044.00000,2019-05-16,4,1
1854164.00000,2019-05-15,3,2
1925225.00000,2019-07-11,4,1
1867166.00000,2019-05-26,7,1
1867649.00000,2019-05-28,2,3
1867162.00000,2019-05-26,7,1
1867163.00000,2019-05-26,7,1
1867167.00000,2019-05-26,7,1
1923771.00000,2019-07-10,3,4
1872753.02000,2019-06-01,6,5
1876045.00000,2019-05-31,5,1
1934481.01000,2019-07-18,4,5
1941743.00000,2019-07-24,3,4
1940619.00000,2019-07-24,3,2
1961500.00000,2019-08-13,2,5
1969983.00000,2019-08-15,4,1
1898447.00000,2019-06-20,4,1
1986546.01000,2019-08-28,3,4
1907317.00000,2019-06-27,4,1
1914339.01000,2019-07-04,4,3
1914809.00000,2019-07-03,3,4
1932776.00000,2019-07-17,3,4
1916279.00000,2019-07-04,4,1
1943295.00000,2019-07-24,3,2
1888115.00000,2019-06-06,4,2
1943193.00000,2019-07-25,4,1
1905902.00000,2019-06-26,3,2
1961499.00000,2019-08-13,2,5
1920620.00000,2019-06-05,3,4
1981447.00000,2019-08-27,2,1
1971906.00000,2019-08-15,4,5
1989774.00000,2019-08-29,4,5
1991484.02000,2019-09-03,2,1
1992409.00000,2019-09-03,2,1
2010102.01000,2019-09-17,2,1
2010103.01000,2019-09-17,2,1
2010105.01000,2019-09-17,2,1
2010131.01000,2019-09-17,2,1
2011821.02000,2019-09-18,3,2
2011851.01000,2019-09-18,3,2
2011860.01000,2019-09-18,3,2
2027399.01000,2019-09-29,7,1
1952113.00000,2019-08-01,4,1
1965691.00000,2019-08-12,1,5
1989747.00000,2019-08-29,4,5
1991487.02000,2019-09-03,2,1
1996740.00000,2019-09-05,4,1
2005727.00000,2019-09-12,4,1
1987829.00000,2019-08-29,4,1
1956769.00000,2019-08-06,2,1
2010100.01000,2019-09-17,2,1
2010148.01000,2019-09-17,2,1
1991522.02000,2019-09-03,2,1
2011823.02000,2019-09-18,3,2
2011825.01000,2019-09-18,3,2
2011839.01000,2019-09-18,3,2
2011850.02000,2019-09-18,3,2
1961067.00000,2019-08-08,4,1
1998781.00000,2019-09-05,4,3
2021703.00000,2019-09-25,3,2
1978890.00000,2019-08-22,4,1
2035162.00000,2019-10-02,3,2
1986374.00000,2019-08-26,1,3
2039877.00000,2019-10-09,3,2
2010021.01000,2019-09-17,2,1
2010110.01000,2019-09-17,2,1
2010116.02000,2019-09-17,2,1
2010125.01000,2019-09-17,2,1
2010130.01000,2019-09-17,2,1
2010151.01000,2019-09-17,2,1
2011822.01000,2019-09-18,3,2
2011836.01000,2019-09-18,3,2
2011836.03000,2019-09-18,3,2
2011868.01000,2019-09-18,3,2
2044846.00000,2019-10-10,4,1
2054804.00000,2019-10-17,4,1
2055273.01000,2019-10-19,6,5
2010008.01000,2019-09-17,2,1
2010020.02000,2019-09-17,2,1
2010099.01000,2019-09-17,2,1
2010103.02000,2019-09-17,2,1
2010116.01000,2019-09-17,2,1
2010119.01000,2019-09-17,2,1
2010125.02000,2019-09-17,2,1
2010126.01000,2019-09-17,2,1
2010128.02000,2019-09-17,2,1
2011820.01000,2019-09-18,3,2
2011832.02000,2019-09-18,3,2
2011832.04000,2019-09-18,3,2
2011837.01000,2019-09-18,3,2
2011846.01000,2019-09-18,3,2
2011848.01000,2019-09-18,3,2
2011850.01000,2019-09-18,3,2
2012260.00000,2019-09-23,1,3
2011819.01000,2019-09-18,3,2
2011822.02000,2019-09-18,3,2
2011836.02000,2019-09-18,3,2
2011845.01000,2019-09-18,3,2
2011845.02000,2019-09-18,3,2
2015125.00000,2019-09-19,4,1
2027366.01000,2019-09-29,7,1
2084640.00000,2019-11-07,4,1
2024949.00000,2019-09-26,4,1
2033472.00000,2019-09-27,5,4
2034908.00000,2019-10-03,4,1
2037622.01000,2019-10-07,1,2
2104492.00000,2019-11-21,4,1
2048895.01000,2019-10-14,1,2
2049820.00000,2019-10-14,1,5
2049816.00000,2019-10-02,3,2
2050131.00000,2019-10-15,2,1
2010039.01000,2019-09-17,2,1
2010100.02000,2019-09-17,2,1
2010128.01000,2019-09-17,2,1
2011821.01000,2019-09-18,3,2
2011823.01000,2019-09-18,3,2
2011829.01000,2019-09-18,3,2
2011830.01000,2019-09-18,3,2
2011832.03000,2019-09-18,3,2
2011847.01000,2019-09-18,3,2
2074868.00000,2019-10-31,4,5
2030223.00000,2019-10-01,2,1
2043355.00000,2019-10-09,3,2
2048896.00000,2019-10-14,1,2
2112954.00000,2019-11-25,1,3
2120833.00000,2019-12-03,2,3
2124276.00000,2019-12-05,4,1
2103279.01000,2019-11-22,5,4
2103279.02000,2019-11-22,5,4
2107277.00000,2019-11-25,1,2
2105068.00000,2019-11-19,2,5
2107277.01000,2019-11-25,1,2
2115029.00000,2019-11-29,5,6
2122824.00000,2020-01-03,5,4
2074613.00000,2019-10-31,4,1
2153391.02000,2019-12-22,7,6
2138938.00000,2019-12-13,5,1
2109777.00000,2019-11-26,2,1
2064667.00000,2019-10-24,4,1
2069959.00000,2019-10-29,2,1
2089930.00000,2019-11-12,2,1
2094560.00000,2019-11-14,4,1
2102255.00000,2019-11-20,3,4
2109459.00000,2019-11-22,5,4
2113006.01000,2019-11-27,3,4
2114664.00000,2019-11-02,6,5
2129442.00000,2019-12-10,2,1
2169627.00000,2020-01-07,2,3
2208792.00000,2020-02-04,2,3
2149115.00000,2019-12-24,2,1
2163322.00000,2020-01-02,4,1
2152330.00000,2019-12-26,4,1
2173328.00000,2019-12-02,1,7
2161837.00000,2020-01-02,4,3
2182947.00000,2020-01-16,4,1
2189743.00000,2020-01-21,2,3
2192647.00000,2020-01-23,4,1
2200939.00000,2020-01-29,3,1
2212458.00000,2020-01-01,3,1
2114424.00000,2019-11-28,4,1
2129132.00000,2019-12-07,6,1
2132587.00000,2019-12-10,2,1
2134075.00000,2019-12-12,4,1
2141106.01000,2019-12-17,2,1
2152329.00000,2019-12-19,4,1
2218137.00000,2020-02-11,2,3
2224354.01000,2020-02-13,4,5
2248497.00000,2020-03-02,1,2
2254020.00000,2020-03-05,4,3
2173355.00000,2020-01-10,5,4
2189386.00000,2020-01-20,1,3
2202405.00000,2020-01-30,4,1
2173130.00000,2020-01-09,4,1
2212257.00000,2020-02-06,4,1
2218183.00000,2020-02-11,2,3
2293789.00000,2020-04-07,2,3
2293793.00000,2020-04-07,2,3
2293796.00000,2020-04-07,2,3
2293797.00000,2020-04-07,2,3
2293811.00000,2020-04-07,2,3
2293818.00000,2020-04-07,2,3
2303734.00000,2020-05-06,3,4
2309529.00000,2020-04-22,3,2
2315648.00000,2020-04-28,2,3
2271339.00000,2020-03-19,4,1
2277250.01000,2020-03-27,5,4
2293774.00000,2020-04-07,2,3
2293776.00000,2020-04-07,2,3
2293782.00000,2020-04-07,2,3
2293788.00000,2020-04-07,2,3
2293795.00000,2020-04-07,2,3
2293800.00000,2020-04-07,2,3
2293810.00000,2020-04-07,2,3
2293813.00000,2020-04-07,2,3
2289314.00000,2020-04-02,4,1
2293784.00000,2020-04-07,2,3
2293787.00000,2020-04-07,2,3
2293790.00000,2020-04-07,2,3
2293799.00000,2020-04-07,2,3
2293801.00000,2020-04-07,2,3
2293807.00000,2020-04-07,2,3
2293808.00000,2020-04-07,2,3
2293809.00000,2020-04-07,2,3
2293812.00000,2020-04-07,2,3
2293816.00000,2020-04-07,2,3
2294396.01000,2020-04-08,3,2
2294441.00000,2020-04-07,2,3
2302909.00000,2020-04-16,4,3
2304727.00000,2020-04-16,4,1
2298113.00000,2020-04-10,5,4
2218146.00000,2020-02-11,2,3
2311900.00000,2020-04-23,4,1
2222150.00000,2020-02-13,4,1
2241893.00000,2020-02-27,4,1
2248299.00000,2020-03-03,2,3
2261588.00000,2020-03-12,4,1
2232041.00000,2020-02-20,4,1
2251769.00000,2020-03-05,4,1
2223687.00000,2020-02-14,5,6
2326236.01000,2020-05-09,6,5
2346985.00000,2020-05-28,4,1
2348762.00000,2020-05-30,6,5
2351606.00000,2020-06-02,2,3
2361782.00000,2020-06-11,4,1
2366872.00000,2020-06-17,3,2
2369389.00000,2020-06-18,4,1
2318931.00000,2020-04-30,4,1
2332904.00000,2020-05-14,4,1
2339867.00000,2020-05-21,4,1
2350541.00000,2020-06-05,5,1
2361399.01000,2020-06-12,5,4
2383880.01000,2020-07-03,5,4
2325926.00000,2020-05-07,4,1
2280558.00000,2020-03-27,5,4
2280868.00000,2020-03-26,4,1
2291224.00000,2020-04-02,4,2
2293778.00000,2020-04-07,2,3
2293781.00000,2020-04-07,2,3
2293786.00000,2020-04-07,2,3
2293791.00000,2020-04-07,2,3
2293798.00000,2020-04-07,2,3
2293803.00000,2020-04-07,2,3
2293806.00000,2020-04-07,2,3
2398215.01000,2020-07-16,4,3
2296159.00000,2020-04-08,3,2
2293779.00000,2020-04-07,2,3
2293792.00000,2020-04-07,2,3
2293792.01000,2020-04-07,2,3
2293802.00000,2020-04-07,2,3
2293804.00000,2020-04-07,2,3
2293815.00000,2020-04-07,2,3
2293817.00000,2020-04-07,2,3
2294396.00000,2020-04-08,3,2
2293773.00000,2020-04-07,2,3
2293775.00000,2020-04-07,2,3
2293780.00000,2020-04-07,2,3
2293783.00000,2020-04-07,2,3
2293794.00000,2020-04-07,2,3
2293805.00000,2020-04-07,2,3
2293814.00000,2020-04-07,2,3
2300080.02000,2020-04-14,2,1
2297223.00000,2020-04-09,4,1
2302151.00000,2020-04-15,3,2
2297432.01000,2020-04-14,2,5
2406151.01000,2020-07-23,4,3
2348774.00000,2020-05-28,4,5
2301531.01000,2020-04-15,3,2
2350541.01000,2020-06-05,5,1
2304950.00000,2020-04-15,3,4
2316582.00000,2020-04-27,1,5
2323954.02000,2020-05-06,3,4
2368411.00000,2020-06-18,4,2
2373332.01000,2020-06-24,3,2
2374637.02000,2020-06-25,4,3
2382412.02000,2020-07-02,4,3
2383865.01000,2020-07-03,5,4
2397056.00000,2020-07-13,1,2
2401820.00000,2020-07-19,7,6
2404999.00000,2020-07-20,1,2
2327456.00000,2020-05-12,2,1
2323425.00000,2020-05-05,2,3
2341622.00000,2020-05-22,5,1
2336107.01000,2020-05-19,2,1
2350541.02000,2020-06-05,5,1
2449113.01000,2020-08-29,6,5
2354245.00000,2020-06-04,4,1
2343397.00000,2020-05-23,6,5
2377070.00000,2020-06-25,4,1
2379191.01000,2020-06-30,2,1
2359353.01000,2020-06-11,4,3
2348773.00000,2020-05-28,4,5
2456839.00000,2020-09-03,4,1
2383873.01000,2020-07-03,5,4
2383882.01000,2020-07-03,5,4
2384808.00000,2020-07-02,4,1
2369673.03000,2020-06-20,6,5
2389141.00000,2020-07-06,1,2
2360807.00000,2020-06-11,4,2
2376072.00000,2020-06-25,4,2
2377362.03000,2020-06-27,6,5
2374507.00000,2020-06-24,3,2
2473469.02000,2020-09-19,6,5
2400669.00000,2020-07-16,4,1
2417011.01000,2020-08-01,6,5
2450635.00000,2020-08-27,4,2
2382334.02000,2020-07-02,4,3
2385229.01000,2020-07-04,6,5
2392771.00000,2020-07-09,4,1
2379713.03000,2020-06-29,1,6
2399639.00000,2020-07-16,4,2
2388973.01000,2020-07-08,3,2
2390000.00000,2020-07-07,2,3
2486407.00000,2020-10-18,7,6
2401031.01000,2020-07-18,6,5
2415576.00000,2020-07-30,4,2
2407604.00000,2020-07-23,4,2
2408646.00000,2020-07-23,4,1
2421829.00000,2020-08-04,2,3
2412977.00000,2020-07-27,1,2
2418802.01000,2020-08-04,2,1
2416625.00000,2020-07-30,4,1
2424633.00000,2020-08-06,4,1
2428841.01000,2020-08-12,3,2
2375792.01000,2020-06-23,2,3
2382412.01000,2020-07-02,4,3
2383803.00000,2020-07-02,4,2
2387030.01000,2020-07-07,2,1
2486402.00000,2020-10-18,7,6
2486403.00000,2020-10-18,7,6
2486406.00000,2020-10-18,7,6
2391738.00000,2020-07-09,4,2
2494279.00000,2020-10-03,6,2
2464944.00000,2020-09-10,4,1
2418521.00000,2020-07-30,4,3
2432697.00000,2020-08-13,4,1
2453993.00000,2020-09-01,2,3
2448710.00000,2020-08-27,4,1
2466876.00000,2020-09-10,4,5
2545249.00000,2020-11-19,4,3
2481516.01000,2020-09-26,6,5
2473057.00000,2020-09-17,4,1
2558600.00000,2020-12-01,2,1
2493277.00000,2020-10-06,2,3
2440697.00000,2020-08-20,4,1
2457256.01000,2020-09-05,6,5
2465342.01000,2020-09-12,6,5
2473469.01000,2020-09-19,6,5
2565530.02000,2020-12-05,6,5
2486405.00000,2020-10-18,7,6
2486404.00000,2020-10-18,7,6
2488603.01000,2020-10-03,6,5
2497303.01000,2020-10-10,6,5
2497303.02000,2020-10-10,6,5
2500592.01000,2020-10-06,2,1
2497085.00000,2020-10-07,3,1
2582356.01000,2020-12-23,3,2
2582370.01000,2020-12-23,3,2
2513114.01000,2020-10-24,6,5
2585823.00000,2020-12-25,5,4
2524880.01000,2020-11-04,3,2
2525898.00000,2020-11-03,2,3
2481111.00000,2020-09-24,4,1
2486409.00000,2020-10-18,7,6
2495778.00000,2020-10-02,5,2
2497084.00000,2020-10-07,3,1
2538754.00000,2020-11-04,3,2
2508967.01000,2020-10-21,3,2
2573897.01000,2020-12-16,3,2
2575141.00000,2020-12-02,3,2
2558445.00000,2020-12-01,2,3
2519728.02000,2020-10-30,5,4
2521101.01000,2020-10-31,6,5
2565687.01000,2020-12-09,3,2
2599601.00000,2021-01-05,2,3
2538010.00000,2020-11-17,2,5
2552184.01000,2020-11-27,5,4
2560153.01000,2020-12-02,3,2
2560384.01000,2020-12-04,5,4
2575140.00000,2020-12-02,3,2
2550440.00000,2020-11-22,7,1
2561569.00000,2020-11-28,6,5
2565530.01000,2020-12-05,6,5
2570015.01000,2020-12-12,6,5
2573883.01000,2020-12-16,3,2
2575142.00000,2020-12-02,3,2
2526057.00000,2020-11-03,2,1
2576793.01000,2020-12-18,5,4
2650695.01000,2021-02-19,5,4
2582141.00000,2020-12-11,5,1
2582146.00000,2020-12-19,6,1
2664233.01000,2021-03-03,3,2
2665272.00000,2021-03-02,2,3
2596084.00000,2020-12-31,4,5
2631321.01000,2021-02-03,3,2
2653935.02000,2021-02-23,2,1
2591738.00000,2020-12-25,5,4
2598366.01000,2021-01-04,1,6
2625904.01000,2021-01-29,5,4
2582204.00000,2021-01-01,5,1
2627157.00000,2021-01-01,5,1
2627319.01000,2021-01-30,6,5
2582140.00000,2020-12-11,5,1
2680791.01000,2021-03-17,3,2
2685990.01000,2021-03-18,4,5
2604424.00000,2021-01-11,1,2
2647768.01000,2021-02-17,3,2
2667081.01000,2021-03-05,5,4
2675370.01000,2021-03-12,5,4
2655995.01000,2021-02-24,3,2
2624120.00000,2021-01-13,3,2
2637483.02000,2021-02-09,2,1
2632340.00000,2021-02-02,2,3
2639559.01000,2021-02-10,3,2
2643863.01000,2021-02-13,6,5
2683693.01000,2021-03-19,5,4
2683765.02000,2021-03-19,5,4
2652129.02000,2021-02-20,6,5
2672514.01000,2021-03-10,3,2
2673856.01000,2021-03-11,4,3
2691862.00000,2021-03-23,2,3
2671629.01000,2021-03-09,2,1
